完整英文名,名(Forename),姓(Surname),中文名
Gerald Howarth,Gerald,Howarth,杰拉德·豪沃思
Gary Puffett,Gary,Puffett,加里·普费特
Bill Walker,Bill,Walker,比尔·沃克
Alan Hilliar,Alan,Hilliar,艾伦·希利亚尔
Carl Hewitt,Carl,Hewitt,卡尔·休伊特
Wendy Morton,Wendy,Morton,温迪·莫顿
John Fisher,John,Fisher,约翰·费希尔
Anthony Thompson,Anthony,Thompson,安东尼·汤普森
Ian Garrett,Ian,Garrett,伊恩·加勒特
Martyn Curzey,Martyn,Curzey,马丁·柯西
Mark Beech,Mark,Beech,马克·比奇
Graham Brady,Graham,Brady,格雷厄姆·布雷迪
James Wright,James,Wright,詹姆斯·赖特
Jane Brophy,Jane,Brophy,简·布罗菲
Christopher Frost,Christopher,Frost,克里斯托弗·弗罗斯特
Nick Robertson-Brown,Nick,Robertson-Brown,尼克·罗伯逊-布朗
Nigel Mills,Nigel,Mills,奈杰尔·米尔斯
Kevin Gillott,Kevin,Gillott,凯文·吉洛特
Stuart Bent,Stuart,Bent,斯图尔特·本特
Kate Smith,Kate,Smith,凯特·史密斯
John Devine,John,Devine,约翰·迪瓦恩
Nick Herbert,Nick,Herbert,尼克·赫伯特
Peter Grace,Peter,Grace,彼得·格雷斯
Christopher Wellbelove,Christopher,Wellbelove,克里斯托弗·韦尔伯拉夫
Shweta Kapadia,Shweta,Kapadia,舒薇塔·卡帕迪亚
Isabel Thurston,Isabel,Thurston,伊莎贝尔·瑟斯顿
Gloria De Piero,Gloria,De Piero,格洛丽亚·德·皮耶罗
Helen Harrison,Helen,Harrison,海伦·哈里森
Simon Ashcroft,Simon,Ashcroft,西蒙·阿什克罗夫特
Philip Smith,Philip,Smith,菲利普·史密斯
Mike Buchanan,Mike,Buchanan,迈克·布坎南
Damian Green,Damian,Green,达米安·格林
Gerald O'Brien,Gerald,O'Brien,杰拉德·奥布莱恩
Brendan Chilton,Brendan,Chilton,布伦丹·奇尔顿
Debbie Enever,Debbie,Enever,黛比·埃尼弗
Mandy Rossi,Mandy,Rossi,曼迪·罗西
Angela Rayner,Angela,Rayner,安吉拉·雷纳
Tracy Sutton,Tracy,Sutton,特蕾西·萨顿
Maurice Jackson,Maurice,Jackson,莫里斯·杰克逊
Charlotte Hughes,Charlotte,Hughes,夏洛特·休斯
Carly Hicks,Carly,Hicks,卡莉·希克斯
David Lidington,David,Lidington,戴维·利丁顿
Christopher Adams,Christopher,Adams,克里斯托弗·亚当斯
Will Cass,Will,Cass,威尔·卡斯
Steven Lambert,Steven,Lambert,史蒂文·兰伯特
David Lyons,David,Lyons,戴维·莱昂斯
Victoria Prentis,Victoria,Prentis,维多利亚·普伦蒂斯
Sean Woodcock,Sean,Woodcock,肖恩·伍德科克
Dickie Bird,Dickie,Bird,迪基·伯德
John Howson,John,Howson,约翰·豪森
Ian Middleton,Ian,Middleton,伊恩·米德尔顿
Roseanne Edwards,Roseanne,Edwards,罗珊娜·爱德华兹
Margaret Hodge,Margaret,Hodge,玛格丽特·霍奇
Roger Gravett,Roger,Gravett,罗杰·格拉维特
Mina Rahman,Mina,Rahman,米娜·拉赫曼
Tony  Rablen,Tony,Rablen,托尼·拉布伦
Peter Wilcock,Peter,Wilcock,彼得·威尔科克
Joseph Mambuliya,Joseph,Mambuliya,约瑟夫·曼布里亚
Dan Jarvis,Dan,Jarvis,丹·贾维斯
Lee Hunter,Lee,Hunter,李·亨特
Kay Carter,Kay,Carter,凯·卡特
Michael  Short,Michael,Short,迈克尔·肖特
John Ridgway,John,Ridgway,约翰·里奇韦
Dave Gibson,Dave,Gibson,戴夫·吉布森
Ian Sutton,Ian,Sutton,伊恩·萨顿
Michael Dugher,Michael,Dugher,迈克尔·达格
Robert Swiffen,Robert,Swiffen,罗伯特·斯威芬
Katharine Harborne,Katharine,Harborne,凯瑟琳·哈伯恩
Ruth Coleman-Taylor,Ruth,Coleman-Taylor,鲁思·科尔曼-泰勒
Tony Devoy,Tony,Devoy,托尼·德沃伊
Kevin Riddiough,Kevin,Riddiough,凯文·里迪奥
Ralph Dyson,Ralph,Dyson,拉尔夫·戴森
Billy Marsden,Billy,Marsden,比利·马斯登
John Woodcock,John,Woodcock,约翰·伍德科克
Simon Fell,Simon,Fell,西蒙·费尔
Nigel  Cecil,Nigel,Cecil,奈杰尔·塞西尔
Clive Peaple,Clive,Peaple,克莱夫·皮普尔
Robert O'Hara,Robert,O'Hara,罗伯特·奥哈拉
Ian Jackson,Ian,Jackson,伊恩·杰克逊
John Baron,John,Baron,约翰·巴伦
Gavin Callaghan,Gavin,Callaghan,加文·卡拉汉
George Konstantinidis,George,Konstantinidis,乔治·康斯坦丁尼迪斯
Martin Thompson,Martin,Thompson,马丁·汤普森
Maria Miller,Maria,Miller,玛丽亚·米勒
Paul Harvey,Paul,Harvey,保罗·哈维
Alan Stone,Alan,Stone,艾伦·斯通
Janice Spalding,Janice,Spalding,贾妮丝·斯波尔丁
Omar Selim,Omar,Selim,奥马尔·塞利姆
John Mann,John,Mann,约翰·曼恩
Sarah Downes,Sarah,Downes,莎拉·唐斯
David Scott,David,Scott,戴维·斯科特
Leon Duveen,Leon,Duveen,莱昂·杜文
Kris Wragg,Kris,Wragg,克里斯·拉格
Ben Howlett,Ben,Howlett,本·豪利特
Steve Bradley,Steve,Bradley,史蒂夫·布拉德利
Ollie Middleton,Ollie,Middleton,奥利·米德尔顿
Dominic Tristram,Dominic,Tristram,多米尼克·特里斯特拉姆
Julian Deverell,Julian,Deverell,朱利安·德弗雷尔
Loraine Morgan-Brinkhurst,Loraine,Morgan-Brinkhurst,洛兰·摩根-布林克赫斯特
Jenny Knight,Jenny,Knight,珍妮·奈特
Jo Cox,Jo,Cox,乔·考克斯
Imtiaz Ameen,Imtiaz,Ameen,伊姆蒂亚兹·阿明
Aleks Lukic,Aleks,Lukic,亚历克斯·卢基奇
John Lawson,John,Lawson,约翰·劳森
Ian Bullock,Ian,Bullock,伊恩·布洛克
Dawn Wheelhouse,Dawn,Wheelhouse,道恩·维尔豪斯
Karl Varley,Karl,Varley,卡尔·瓦利
Jane Ellison,Jane,Ellison,简·埃里森
Will Martindale,Will,Martindale,威尔·马丁代尔
Luke Taylor,Luke,Taylor,卢克·泰勒
Joe Stuart,Joe,Stuart,乔·斯图尔特
Christopher Howe,Christopher,Howe,克里斯托弗·豪
Dominic Grieve,Dominic,Grieve,多米尼克·格里夫
Tim Scott,Tim,Scott,蒂姆·斯科特
Tony Clements,Tony,Clements,托尼·克莱门茨
Peter Chapman,Peter,Chapman,彼得·查普曼
Dave Hampton,Dave,Hampton,戴夫·汉普顿
Bob Stewart,Bob,Stewart,鲍勃·斯图尔特
Marina Ahmad,Marina,Ahmad,玛丽娜·艾哈迈德
Rob Bryant,Rob,Bryant,罗布·布莱恩特
Anuja  Prashar,Anuja,Prashar,阿努贾·普拉沙尔
Ruth Fabricant,Ruth,Fabricant,鲁思·法布里坎特
Richard Fuller,Richard,Fuller,理查德·富勒
Patrick Hall,Patrick,Hall,帕特里克·霍尔
Charlie Smith,Charlie,Smith,查理·史密斯
Mahmud Henry Rogers,Mahmud,Henry Rogers,马哈茂德·亨利·罗杰斯
Ben Foley,Ben,Foley,本·弗利
Faruk Choudhury,Faruk,Choudhury,法鲁克·乔杜里
Neil  Coyle,Neil,Coyle,尼尔·科伊尔
Simon Hughes,Simon,Hughes,西蒙·休斯
JP Floru,JP,Floru,JP·弗洛鲁
Andrew Beadle,Andrew,Beadle,安德鲁·比德尔
William Lavin,William,Lavin,威廉·拉文
Kingsley Abrams,Kingsley,Abrams,金斯利·艾布拉姆斯
Lucy Hall,Lucy,Hall,露西·霍尔
Donald Cole,Donald,Cole,唐纳德·科尔
Steve Freeman,Steve,Freeman,史蒂夫·弗里曼
Anne-Marie Trevelyan,Anne-Marie,Trevelyan,安妮-玛丽·特里维廉
Julie Porksen,Julie,Porksen,朱莉·波克森
Scott Dickinson,Scott,Dickinson,斯科特·迪金森
Nigel Coghill-Marshall,Nigel,Coghill-Marshall,奈杰尔·科吉尔-马歇尔
Rachael Roberts,Rachael,Roberts,拉切尔·罗伯茨
Neil Humphrey,Neil,Humphrey,尼尔·汉弗莱
Rushanara Ali,Rushanara,Ali,鲁沙纳拉·阿里
Matt Smith,Matt,Smith,马特·史密斯
Alistair Polson,Alistair,Polson,阿利斯泰尔·波尔森
Paula McQueen,Paula,McQueen,保拉·麦奎因
Teena Lashmore,Teena,Lashmore,蒂娜·拉什莫尔
Glyn Robbins,Glyn,Robbins,格林·罗宾斯
M Rowshan Ali,M Rowshan,Ali,M·罗尚·阿里
Jonathan Dewey,Jonathan,Dewey,乔纳森·杜威
Alasdair Henderson,Alasdair,Henderson,阿拉斯代尔·亨德森
Elliot Ball,Elliot,Ball,埃利奥特·鲍尔
Jason Pavlou,Jason,Pavlou,贾森·帕夫卢
Graham Stuart,Graham,Stuart,格雷厄姆·斯图尔特
Margaret Pinder,Margaret,Pinder,玛格丽特·平德
Gary Shores,Gary,Shores,加里·肖尔斯
Denis Healy,Denis,Healy,丹尼斯·希利
Richard Howarth,Richard,Howarth,理查德·豪沃思
Lee Walton,Lee,Walton,李·沃尔顿
Huw Merriman,Huw,Merriman,休·梅里曼
Geoffrey Bastin,Geoffrey,Bastin,杰弗里·巴斯坦
Michelle Thew,Michelle,Thew,米歇尔·休
Rachel Sadler,Rachel,Sadler,雷切尔·萨德勒
Jonathan  Kent,Jonathan,Kent,乔纳森·肯特
David Evennett,David,Evennett,戴维·埃文内特
Stef Borella,Stef,Borella,斯特夫·博雷拉
Chris Attard,Chris,Attard,克里斯·阿塔德
Richard Davis,Richard,Davis,理查德·戴维斯
Stella Gardiner,Stella,Gardiner,斯特拉·加德纳
Maggi Young,Maggi,Young,玛吉·杨
Frank Field,Frank,Field,弗兰克·菲尔德
Clark Vasey,Clark,Vasey,克拉克·瓦西
Wayne Harling,Wayne,Harling,韦恩·哈林
Kenny Peers,Kenny,Peers,肯尼·皮尔斯
Allan Brame,Allan,Brame,艾伦·布拉姆
Gisela Stuart,Gisela,Stuart,吉塞拉·斯图尔特
Luke Evans,Luke,Evans,卢克·埃文斯
Graham Short,Graham,Short,格雷厄姆·肖特
Phil Simpson,Phil,Simpson,菲尔·辛普森
Lee Dargue,Lee,Dargue,李·达格
Gabriel Ukandu,Gabriel,Ukandu,加布里埃尔·乌坎杜
Henna Rai,Henna,Rai,亨娜·拉伊
Jack Dromey,Jack,Dromey,杰克·德罗米
Robert Alden,Robert,Alden,罗伯特·奥尔登
Andrew Garcarz,Andrew,Garcarz,安德鲁·加尔卡茨
Ann Holtom,Ann,Holtom,安·霍尔托姆
Joe Belcher,Joe,Belcher,乔·贝尔彻
Ted Woodley,Ted,Woodley,特德·伍德利
Roger Godsiff,Roger,Godsiff,罗杰·戈德史密斯
James Bird,James,Bird,詹姆斯·伯德
Jerry Evans,Jerry,Evans,杰里·埃文斯
Elly Stanton,Elly,Stanton,艾莉·斯坦顿
Rashpal Mondair,Rashpal,Mondair,拉什帕尔·蒙代尔
Shiraz Peer,Shiraz,Peer,希拉兹·皮尔
Liam Byrne,Liam,Byrne,利亚姆·伯恩
Kieran Mullan,Kieran,Mullan,基兰·马伦
Albert Duffen,Albert,Duffen,阿尔伯特·达芬
Phil Bennion,Phil,Bennion,菲尔·本尼恩
Christopher Nash,Christopher,Nash,克里斯托弗·纳什
Andy Chaffer,Andy,Chaffer,安迪·查弗
Shabana Mahmood,Shabana,Mahmood,沙巴娜·马哈茂德
Isabel Sigmac,Isabel,Sigmac,伊莎贝尔·西格马克
Clair Braund,Clair,Braund,克莱尔·布朗德
Anne Okole,Anne,Okole,安妮·奥科尔
Shazad Iqbal,Shazad,Iqbal,沙扎德·伊克巴尔
Timothy Burton,Timothy,Burton,蒂莫西·伯顿
Richard Burden,Richard,Burden,理查德·伯登
Rachel Maclean,Rachel,Maclean,雷切尔·麦克林
Keith Rowe,Keith,Rowe,基思·罗
Steven Haynes,Steven,Haynes,史蒂文·海恩斯
Anna Masters,Anna,Masters,安娜·马斯特斯
Khalid Mahmood,Khalid,Mahmood,哈立德·马哈茂德
Charlotte Hodivala,Charlotte,Hodivala,夏洛特·霍迪瓦拉
Arjun Singh,Arjun,Singh,阿尔琼·辛格
Harjinder Singh,Harjinder,Singh,哈金德·辛格
James Lovatt,James,Lovatt,詹姆斯·洛瓦特
Robert Punton,Robert,Punton,罗伯特·庞顿
Steve McCabe,Steve,McCabe,史蒂夫·麦凯布
Alex Boulter,Alex,Boulter,亚历克斯·博尔特
Steven Brookes,Steven,Brookes,史蒂文·布鲁克斯
Colin Green,Colin,Green,科林·格林
Clare Thomas,Clare,Thomas,克莱尔·托马斯
Jess Phillips,Jess,Phillips,杰斯·菲利普斯
John Hemming,John,Hemming,约翰·亨明
Paul Clayton,Paul,Clayton,保罗·克莱顿
Arun Photay,Arun,Photay,阿伦·福泰
Grant Bishop,Grant,Bishop,格兰特·毕晓普
Teval Stephens,Teval,Stephens,特瓦尔·斯蒂芬斯
Eamonn Flynn,Eamonn,Flynn,伊蒙·弗林
Peter Johnson,Peter,Johnson,彼得·约翰逊
Helen Goodman,Helen,Goodman,海伦·古德曼
Christopher Adams,Christopher,Adams,克里斯托弗·亚当斯
Rhys Burriss,Rhys,Burriss,里斯·伯里斯
Stephen White,Stephen,White,斯蒂芬·怀特
Thom Robinson,Thom,Robinson,汤姆·罗宾逊
Kate Hollern,Kate,Hollern,凯特·霍勒恩
Bob Eastwood,Bob,Eastwood,鲍勃·伊斯特伍德
Dayle Taylor,Dayle,Taylor,戴尔·泰勒
Gordan Lishman,Gordan,Lishman,戈尔丹·利什曼
Graham Stringer,Graham,Stringer,格雷厄姆·斯特林格
Martin Power,Martin,Power,马丁·鲍尔
Michelle Tanfield-Johnson,Michelle,Tanfield-Johnson,米歇尔·坦菲尔德-约翰逊
David Jones,David,Jones,戴维·琼斯
Richard Gadsden,Richard,Gadsden,理查德·加兹登
Paul Maynard,Paul,Maynard,保罗·梅纳德
Samuel Rushworth,Samuel,Rushworth,塞缪尔·拉什沃思
Simon Noble,Simon,Noble,西蒙·诺布尔
Sue Close,Sue,Close,苏·克洛斯
John Warnock,John,Warnock,约翰·沃诺克
James Walsh,James,Walsh,詹姆斯·沃尔什
Gordon Marsden,Gordon,Marsden,戈登·马斯登
Peter Anthony,Peter,Anthony,彼得·安东尼
Peter Wood,Peter,Wood,彼得·伍德
Duncan Royle,Duncan,Royle,邓肯·罗伊尔
Bill Greene,Bill,Greene,比尔·格林
Andy Higgins,Andy,Higgins,安迪·希金斯
Lawrence Chard,Lawrence,Chard,劳伦斯·查德
Dave Anderson,Dave,Anderson,戴夫·安德森
Mark Bell,Mark,Bell,马克·贝尔
Alison Griffiths,Alison,Griffiths,艾莉森·格里菲斯
Jonathan Wallace,Jonathan,Wallace,乔纳森·华莱士
Paul McNally,Paul,McNally,保罗·麦克纳利
Ronnie Campbell,Ronnie,Campbell,龙尼·坎贝尔
Barry Elliott,Barry,Elliott,巴里·埃利奥特
Greg Munro,Greg,Munro,格雷格·芒罗
Philip Latham,Philip,Latham,菲利普·莱瑟姆
Dawn Furness,Dawn,Furness,道恩·弗内斯
Nick Gibb,Nick,Gibb,尼克·吉布
Graham Jones,Graham,Jones,格雷厄姆·琼斯
Alan Butcher,Alan,Butcher,艾伦·布彻
Francis Oppler,Francis,Oppler,弗朗西斯·奥普勒
Simon McDougall,Simon,McDougall,西蒙·麦克杜格尔
Dennis Skinner,Dennis,Skinner,丹尼斯·斯金纳
Peter Bedford,Peter,Bedford,彼得·贝德福德
Ray Calladine,Ray,Calladine,雷·卡拉代恩
David Lomax,David,Lomax,戴维·洛马克斯
David Crausby,David,Crausby,戴维·克罗斯比
James Daly,James,Daly,詹姆斯·戴利
Harry Lamb,Harry,Lamb,哈里·兰姆
Stephen Rock,Stephen,Rock,斯蒂芬·罗克
Laura Diggle,Laura,Diggle,劳拉·迪格尔
Yasmin Qureshi,Yasmin,Qureshi,亚斯明·库雷希
Jeff Armstrong,Jeff,Armstrong,杰夫·阿姆斯特朗
Mudasir Dean,Mudasir,Dean,穆达西尔·迪恩
Alan Johnson,Alan,Johnson,艾伦·约翰逊
Darren Reynolds,Darren,Reynolds,达伦·雷诺兹
Chris Green,Chris,Green,克里斯·格林
Julie Hilling,Julie,Hilling,朱莉·希林
Bob Horsefield,Bob,Horsefield,鲍勃·霍斯菲尔德
Andrew Martin,Andrew,Martin,安德鲁·马丁
Andy Smith,Andy,Smith,安迪·史密斯
John Vickers,John,Vickers,约翰·维克斯
Peter Dowd,Peter,Dowd,彼得·多德
Paul Nuttall,Paul,Nuttall,保罗·纳托尔
Jade Marsden,Jade,Marsden,杰德·马斯登
Lisa Tallis,Lisa,Tallis,丽莎·塔利斯
David Newman,David,Newman,戴维·纽曼
Peter Glover,Peter,Glover,彼得·格洛弗
Matt Warman,Matt,Warman,马特·瓦曼
Robin Hunter-Clarke,Robin,Hunter-Clarke,罗宾·亨特-克拉克
Paul Kenny,Paul,Kenny,保罗·肯尼
David Watts,David,Watts,戴维·瓦茨
Victoria Percival,Victoria,Percival,维多利亚·珀西瓦尔
Chris Pain,Chris,Pain,克里斯·佩恩
Peter Johnson,Peter,Johnson,彼得·约翰逊
Lyn Luxton,Lyn,Luxton,林·勒克斯顿
Robert West,Robert,West,罗伯特·韦斯特
David Tredinnick,David,Tredinnick,戴维·特雷迪尼克
Michael Mullaney,Michael,Mullaney,迈克尔·马拉尼
Chris Kealey,Chris,Kealey,克里斯·基利
David Sprason,David,Sprason,戴维·斯普拉森
Tobias Ellwood,Tobias,Ellwood,托比亚斯·埃尔伍德
Peter Stokes,Peter,Stokes,彼得·斯托克斯
David Hughes,David,Hughes,戴维·休斯
Jon Nicholas,Jon,Nicholas,乔恩·尼古拉斯
Alasdair  Keddie,Alasdair,Keddie,阿拉斯代尔·凯迪
David Ross,David,Ross,戴维·罗斯
Conor Burns,Conor,Burns,科诺尔·伯恩斯
Martin Houlden,Martin,Houlden,马丁·霍尔登
David Stokes,David,Stokes,戴维·斯托克斯
Mike Plummer,Mike,Plummer,迈克·普卢默
Elizabeth McManus,Elizabeth,McManus,伊丽莎白·麦克马纳斯
Dick Franklin,Dick,Franklin,迪克·富兰克林
Phillip Lee,Phillip,Lee,菲利普·李
James Walsh,James,Walsh,詹姆斯·沃尔什
Richard Thomas,Richard,Thomas,理查德·托马斯
Patrick Smith,Patrick,Smith,帕特里克·史密斯
Derek Florey,Derek,Florey,德里克·弗洛里
Imran Hussain,Imran,Hussain,伊姆兰·侯赛因
David Ward,David,Ward,戴维·沃德
Iftikhar Ahmed,Iftikhar,Ahmed,伊夫蒂哈尔·艾哈迈德
Owais Rajput,Owais,Rajput,奥瓦伊斯·拉杰普特
Dave Stevens,Dave,Stevens,戴夫·史蒂文斯
James Lewthwaite,James,Lewthwaite,詹姆斯·卢思韦特
Judith Cummins,Judith,Cummins,朱迪丝·卡明斯
Tanya Graham,Tanya,Graham,塔尼娅·格雷厄姆
Jason Smith,Jason,Smith,贾森·史密斯
Andy Robinson,Andy,Robinson,安迪·罗宾逊
Andrew Tear,Andrew,Tear,安德鲁·蒂尔
Naseem  Shah,Naseem,Shah,纳西姆·沙阿
George Galloway,George,Galloway,乔治·加洛韦
George Grant,George,Grant,乔治·格兰特
Harry Boota,Harry,Boota,哈里·布塔
Alun Griffiths,Alun,Griffiths,阿伦·格里菲斯
Celia Hickson,Celia,Hickson,西莉亚·希克森
James Kirkcaldy,James,Kirkcaldy,詹姆斯·柯科迪
Therese Hirst,Therese,Hirst,特蕾丝·赫斯特
James Cleverly,James,Cleverly,詹姆斯·克莱弗利
Richard Bingley,Richard,Bingley,理查德·宾利
Malcolm Fincken,Malcolm,Fincken,马尔科姆·芬肯
Matthew Klesel,Matthew,Klesel,马修·克莱塞尔
Paul Jeater,Paul,Jeater,保罗·吉特
Toby Pereira,Toby,Pereira,托比·佩雷拉
Paul Hooks,Paul,Hooks,保罗·胡克斯
Dawn Butler,Dawn,Butler,道恩·巴特勒
Alan Mendoza,Alan,Mendoza,艾伦·门多萨
Lauren Keith,Lauren,Keith,劳伦·基思
Shahrar Ali,Shahrar,Ali,沙哈尔·阿里
Stephen Priestley,Stephen,Priestley,斯蒂芬·普里斯特利
John Boyle,John,Boyle,约翰·博伊尔
Kamran Malik,Kamran,Malik,卡姆兰·马利克
Noel Coonan,Noel,Coonan,诺埃尔·库南
Barry Gardiner,Barry,Gardiner,巴里·加德纳
Luke Parker,Luke,Parker,卢克·帕克
Paul Lorber,Paul,Lorber,保罗·洛伯
Alexander Craig,Alexander,Craig,亚历山大·克雷格
Scott Bartle,Scott,Bartle,斯科特·巴特尔
Elcena Jeffers,Elcena,Jeffers,埃尔塞纳·杰弗斯
Ruth Cadbury,Ruth,Cadbury,鲁思·卡德伯里
Mary Macleod,Mary,Macleod,玛丽·麦克劳德
Richard Hendron,Richard,Hendron,理查德·亨德伦
Joe Bourke,Joe,Bourke,乔·伯克
Daniel Goldsmith,Daniel,Goldsmith,丹尼尔·戈德史密斯
Eric Pickles,Eric,Pickles,埃里克·皮克尔斯
Michael McGough,Michael,McGough,迈克尔·麦高夫
Liam Preston,Liam,Preston,利亚姆·普雷斯顿
David Kendall,David,Kendall,戴维·肯德尔
Reza Hossain,Reza,Hossain,礼萨·侯赛因
Robin Tilbrook,Robin,Tilbrook,罗宾·蒂尔布鲁克
Ian Liddell-Grainger,Ian,Liddell-Grainger,伊恩·利德尔-格兰杰
Stephen Fitzgerald,Stephen,Fitzgerald,斯蒂芬·菲茨杰拉德
Mick Lerry,Mick,Lerry,米克·莱里
Theo Butt Philip,Theo,Butt Philip,西奥·巴特
Julie Harvey-Smith,Julie,Harvey-Smith,菲利普·朱莉·哈维-史密斯
Andrew Percy,Andrew,Percy,安德鲁·珀西
Jacky Crawford,Jacky,Crawford,杰基·克劳福德
David Jeffreys,David,Jeffreys,戴维·杰弗里斯
Natalie Hurst,Natalie,Hurst,娜塔莉·赫斯特
Liz Leffman,Liz,Leffman,利兹·莱夫曼
Trevor Dixon,Trevor,Dixon,特雷弗·迪克森
Ray Spalding,Ray,Spalding,雷·斯波尔丁
Simon Kirby,Simon,Kirby,西蒙·柯比
Nancy Platts,Nancy,Platts,南希·普拉茨
Ian Buchanan,Ian,Buchanan,伊恩·布坎南
Davy Jones,Davy,Jones,戴维·琼斯
Paul Chandler,Paul,Chandler,保罗·钱德勒
Jacqueline Shodeke,Jacqueline,Shodeke,杰奎琳·肖代克
Matt  Taylor,Matt,Taylor,马特·泰勒
Caroline Lucas,Caroline,Lucas,卡罗琳·卢卡斯
Purna Sen,Purna,Sen,普纳·森
Clarence Mitchell,Clarence,Mitchell,克拉伦斯·米切尔
Nigel Carter,Nigel,Carter,奈杰尔·卡特
Chris Bowers,Chris,Bowers,克里斯·鲍尔斯
Nick Yeomans,Nick,Yeomans,尼克·约曼斯
Howard Pilott,Howard,Pilott,霍华德·皮洛特
Kerry McCarthy,Kerry,McCarthy,克里·麦卡锡
Theo Clarke,Theo,Clarke,西奥·克拉克
James McMurray,James,McMurray,詹姆斯·麦克默里
Lorraine Francis,Lorraine,Francis,洛兰·弗朗西斯
Abdul Malik,Abdul,Malik,阿卜杜勒·马利克
Matt Gordon,Matt,Gordon,马特·戈登
Charlotte Leslie,Charlotte,Leslie,夏洛特·莱斯利
Darren Jones,Darren,Jones,达伦·琼斯
Michael Frost,Michael,Frost,迈克尔·弗罗斯特
Clare Campion-Smith,Clare,Campion-Smith,克莱尔·坎皮恩-史密斯
Justin Quinnell,Justin,Quinnell,贾斯汀·昆内尔
Anne Lemon,Anne,Lemon,安妮·莱蒙
Karin Smyth,Karin,Smyth,卡琳·史密西
Isobel Grant,Isobel,Grant,伊泽贝尔·格兰特
Stephen Wood,Stephen,Wood,斯蒂芬·伍德
Tony Dyer,Tony,Dyer,托尼·戴尔
Mark Wright,Mark,Wright,马克·赖特
Tom Baldwin,Tom,Baldwin,汤姆·鲍德温
Thangam Debbonaire,Thangam,Debbonaire,坦加姆·德博奈尔
Darren Hall,Darren,Hall,达伦·霍尔
Stephen Williams,Stephen,Williams,斯蒂芬·威廉姆斯
Claire Hiscott,Claire,Hiscott,克莱尔·希斯科特
Paul Turner,Paul,Turner,保罗·特纳
Dawn Parry,Dawn,Parry,道恩·帕里
Stewart Weston,Stewart,Weston,斯图尔特·韦斯顿
Keith Simpson,Keith,Simpson,基思·辛普森
Christopher Jones,Christopher,Jones,克里斯托弗·琼斯
Stuart Agnew,Stuart,Agnew,斯图尔特·阿格纽
Steve Riley,Steve,Riley,史蒂夫·赖利
Andrew Boswell,Andrew,Boswell,安德鲁·博斯韦尔
Robert  Neill,Robert,Neill,罗伯特·尼尔
John Courtneidge,John,Courtneidge,约翰·考特尼奇
Emmett Jenner,Emmett,Jenner,埃米特·詹纳
Sam Webber,Sam,Webber,山姆·韦伯
Roisin Robertson,Roisin,Robertson,罗伊辛·罗伯逊
Sajid Javid,Sajid,Javid,萨吉德·贾维德
Tom Ebbutt,Tom,Ebbutt,汤姆·埃巴特
Stuart Cross,Stuart,Cross,斯图尔特·克罗斯
Bart Ricketts,Bart,Ricketts,巴特·里基茨
Spoz Esposito,Spoz,Esposito,斯波兹·埃斯波西托
Charles Walker,Charles,Walker,查尔斯·沃克
David Platt,David,Platt,戴维·普拉特
Edward Robinson,Edward,Robinson,爱德华·罗宾逊
Anthony Rowlands,Anthony,Rowlands,安东尼·罗兰兹
Russell Secker,Russell,Secker,罗素·塞克
Anna Soubry,Anna,Soubry,安娜·苏布里
Nick  Palmer,Nick,Palmer,尼克·帕尔默
Frank Dunne,Frank,Dunne,弗兰克·邓恩
Stan Heptinstall,Stan,Heptinstall,斯坦·赫普廷斯托尔
David Kirwan,David,Kirwan,戴维·柯万
Raymond Barry,Raymond,Barry,雷蒙德·巴里
John Bercow,John,Bercow,约翰·伯科
David Fowler,David,Fowler,戴维·福勒
Alan Francis,Alan,Francis,艾伦·弗朗西斯
Julie Cooper,Julie,Cooper,朱莉·库珀
Gordon Birtwistle,Gordon,Birtwistle,戈登·伯特威斯尔
Tom Commis,Tom,Commis,汤姆·科米斯
Sarah Cockburn-Price,Sarah,Cockburn-Price,莎拉·科伯恩-普赖斯
Mike Hargreaves,Mike,Hargreaves,迈克·哈格里夫斯
Andrew Griffiths,Andrew,Griffiths,安德鲁·格里菲斯
Jon Wheale,Jon,Wheale,乔恩·惠尔
Mike Green,Mike,Green,迈克·格林
David MacDonald,David,MacDonald,戴维·麦克唐纳
Sam Patrone,Sam,Patrone,山姆·帕特龙
David Nuttall,David,Nuttall,戴维·纳托尔
James Frith,James,Frith,詹姆斯·弗里思
Ian Henderson,Ian,Henderson,伊恩·亨德森
John Southworth,John,Southworth,约翰·索斯沃思
Richard Baum,Richard,Baum,理查德·鲍姆
Ivan Lewis,Ivan,Lewis,伊万·刘易斯
Daniel Critchlow,Daniel,Critchlow,丹尼尔·克里奇洛
Seamus Martin,Seamus,Martin,西莫斯·马丁
Paul Ankers,Paul,Ankers,保罗·安克尔斯
Glyn Heath,Glyn,Heath,格林·希思
Valerie Morris,Valerie,Morris,瓦莱丽·莫里斯
Jo Churchill,Jo,Churchill,乔·丘吉尔
William Edwards,William,Edwards,威廉·爱德华兹
John Howlett,John,Howlett,约翰·豪利特
Helen Geake,Helen,Geake,海伦·盖克
David Chappell,David,Chappell,戴维·查普尔
Craig Whittaker,Craig,Whittaker,克雷格·惠特克
Josh Fenton-Glynn,Josh,Fenton-Glynn,乔希·芬顿-格林
Paul Rogan,Paul,Rogan,保罗·罗根
Alisdair Calder McGregor,Alisdair,Calder McGregor,阿拉斯代尔·考尔德·麦格雷戈
Jenny Shepherd,Jenny,Shepherd,珍妮·谢泼德
Rod Sutcliffe,Rod,Sutcliffe,罗德·萨特克利夫
Joe Stead,Joe,Stead,乔·斯蒂德
Harriet Harman,Harriet,Harman,哈里特·哈曼
Naomi Newstead,Naomi,Newstead,娜奥米·纽斯特德
Amelia Womack,Amelia,Womack,阿米莉亚·沃马克
Yahaya Kiingi,Yahaya,Kiingi,叶海亚·基因吉
David Kurten,David,Kurten,戴维·库尔滕
Prem Goyal,Prem,Goyal,普雷姆·戈亚尔
Rebecca Fox,Rebecca,Fox,丽贝卡·福克斯
Nick Wrack,Nick,Wrack,尼克·拉克
Alex Robertson,Alex,Robertson,亚历克斯·罗伯逊
Joshua Ogunleye,Joshua,Ogunleye,乔舒亚·奥贡莱耶
Felicity  Anscomb,Felicity,Anscomb,费利西蒂·安斯科姆
George Eustice,George,Eustice,乔治·尤斯蒂斯
Michael Foster,Michael,Foster,迈克尔·福斯特
Bob Smith,Bob,Smith,鲍勃·史密斯
Julia Goldsworthy,Julia,Goldsworthy,朱莉娅·戈兹沃西
Geoffrey Garbett,Geoffrey,Garbett,杰弗里·加贝特
Loveday Jenkin,Loveday,Jenkin,洛夫戴·詹金
Daniel Zeichner,Daniel,Zeichner,丹尼尔·蔡赫纳
Julian Huppert,Julian,Huppert,朱利安·赫伯特
Chamali Fernando,Chamali,Fernando,查玛莉·费尔南多
Rupert Read,Rupert,Read,鲁珀特·里德
Patrick O'Flynn,Patrick,O'Flynn,帕特里克·奥弗林
Keith Garrett,Keith,Garrett,基思·加勒特
Amanda Milling,Amanda,Milling,阿曼达·米林
Janos Toth,Janos,Toth,亚诺什·托特
Grahame Wiggin,Grahame,Wiggin,格雷厄姆·威金
Ian Jackson,Ian,Jackson,伊恩·杰克逊
Paul Woodhead,Paul,Woodhead,保罗·伍德黑德
Julian Brazier,Julian,Brazier,朱利安·布拉齐尔
Hugh Lanning,Hugh,Lanning,休·兰宁
Jim Gascoyne,Jim,Gascoyne,吉姆·加斯科因
James Flanagan,James,Flanagan,詹姆斯·弗拉纳根
Stuart Jeffery,Stuart,Jeffery,斯图尔特·杰弗里
Robert Cox,Robert,Cox,罗伯特·考克斯
John Stevenson,John,Stevenson,约翰·史蒂文森
Lee Sherriff,Lee,Sherriff,李·谢里夫
Fiona Mills,Fiona,Mills,菲奥娜·米尔斯
Helen Davison,Helen,Davison,海伦·戴维森
Loraine Birchall,Loraine,Birchall,洛兰·伯查尔
Alfred Okam,Alfred,Okam,阿尔弗雷德·奥卡姆
Tom Brake,Tom,Brake,汤姆·布雷克
Matthew Maxwell Scott,Matthew,Maxwell Scott,马修·麦克斯韦·斯科特
Siobhan Tate,Siobhan,Tate,西沃恩·泰特
Bill Main-Ian,Bill,Main-Ian,比尔·梅恩-伊恩
Ross Hemingway,Ross,Hemingway,罗斯·海明威
Ashley Dickenson,Ashley,Dickenson,阿什利·迪肯森
Richard Edmonds,Richard,Edmonds,理查德·埃德蒙兹
Rebecca Harris,Rebecca,Harris,丽贝卡·哈里斯
Jamie Huntman,Jamie,Huntman,杰米·亨特曼
Joe  Cooke,Joe,Cooke,乔·库克
Dominic Ellis,Dominic,Ellis,多米尼克·埃利斯
Sereena Davey,Sereena,Davey,塞琳娜·戴维
Mel Stride,Mel,Stride,梅尔·斯特赖德
John Conway,John,Conway,约翰·康韦
Lynne Richards,Lynne,Richards,林恩·理查兹
Alex White,Alex,White,亚历克斯·怀特
Andy Williamson,Andy,Williamson,安迪·威廉森
Arthur Price,Arthur,Price,阿瑟·普赖斯
Dan Poulter,Dan,Poulter,丹·波尔特
Jack Abbott,Jack,Abbott,杰克·阿博特
Mark Cole,Mark,Cole,马克·科尔
Jon Neal,Jon,Neal,乔恩·尼尔
Rhodri Griffiths,Rhodri,Griffiths,罗德·格里菲斯
Tony Holyoak,Tony,Holyoak,托尼·霍利约克
Edward Argar,Edward,Argar,爱德华·阿尔加
Sean Kelly-Walsh,Sean,Kelly-Walsh,肖恩·凯利-沃尔什
Lynton Yates,Lynton,Yates,林顿·耶茨
Simon Sansome,Simon,Sansome,西蒙·桑索姆
Cathy Duffy,Cathy,Duffy,卡西·达菲
Tracey Crouch,Tracey,Crouch,特蕾西·克劳奇
Tristan Osborne,Tristan,Osborne,特里斯坦·奥斯本
Ian Wallace,Ian,Wallace,伊恩·华莱士
Thomas Quinton,Thomas,Quinton,托马斯·昆顿
Luke  Balnave,Luke,Balnave,卢克·巴尔纳夫
John-Wesley Gibson,John-Wesley,Gibson,约翰-韦斯利·吉布森
Ivor Riddell,Ivor,Riddell,艾弗·里德尔
Mary Robinson,Mary,Robinson,玛丽·罗宾逊
Mark Hunter,Mark,Hunter,马克·亨特
Martin Miller,Martin,Miller,马丁·米勒
Shaun Hopkins,Shaun,Hopkins,肖恩·霍普金斯
Matthew Torbitt,Matthew,Torbitt,马修·托比特
Drew Carswell,Drew,Carswell,德鲁·卡斯韦尔
Helen Bashford,Helen,Bashford,海伦·巴什福德
Simon Burns,Simon,Burns,西蒙·伯恩斯
Chris Vince,Chris,Vince,克里斯·文斯
Mark Gough,Mark,Gough,马克·高夫
Stephen Robinson,Stephen,Robinson,斯蒂芬·罗宾逊
Angela Thomson,Angela,Thomson,安吉拉·汤姆森
Henry Boyle,Henry,Boyle,亨利·博伊尔
Greg Hands,Greg,Hands,格雷格·汉兹
Alexandra Sanderson,Alexandra,Sanderson,亚历山德拉·桑德森
Simon Bailey,Simon,Bailey,西蒙·贝利
Adrian Noble,Adrian,Noble,阿德里安·诺布尔
Guy Rubin,Guy,Rubin,盖伊·鲁宾
Alex Chalk,Alex,Chalk,亚历克斯·乔克
Martin Horwood,Martin,Horwood,马丁·霍伍德
Paul Gilbert,Paul,Gilbert,保罗·吉尔伯特
Christina Simmonds,Christina,Simmonds,克里斯蒂娜·西蒙兹
Adam Van Coevorden,Adam,Van Coevorden,亚当·范·科夫登
Richard Lupson-Darnell,Richard,Lupson-Darnell,理查德·勒普森-达内尔
Cheryl Gillan,Cheryl,Gillan,谢丽尔·吉兰
Alan Stevens,Alan,Stevens,艾伦·史蒂文斯
Benjamin  Davies,Benjamin,Davies,本杰明·戴维斯
Kirsten Johnson,Kirsten,Johnson,柯尔斯滕·约翰逊
Gillian Walker,Gillian,Walker,吉莉安·沃克
Toby Perkins,Toby,Perkins,托比·珀金斯
Mark Vivis,Mark,Vivis,马克·维维斯
Stuart Yeowart,Stuart,Yeowart,斯图尔特·约瓦特
Julia Cambridge,Julia,Cambridge,朱莉娅·剑桥
Matthew Genn,Matthew,Genn,马修·根恩
Matt Whale,Matt,Whale,马特·惠尔
Tommy Holgate,Tommy,Holgate,汤米·霍尔盖特
Andrew Tyrie,Andrew,Tyrie,安德鲁·泰里
Andrew Moncreiff,Andrew,Moncreiff,安德鲁·蒙克雷夫
Mark Farwell,Mark,Farwell,马克·法韦尔
Andrew Smith,Andrew,Smith,安德鲁·史密斯
Jasper Richmond,Jasper,Richmond,贾斯珀·里士满
Andrew Emerson,Andrew,Emerson,安德鲁·埃默森
Iain Duncan Smith,Iain,Duncan Smith,伊恩·邓肯·史密斯
Bilal Mahmood,Bilal,Mahmood,比拉勒·马哈茂德
Freddy Vachha,Freddy,Vachha,弗雷迪·瓦查
Anne Crook,Anne,Crook,安妮·克鲁克
Rebecca Tully,Rebecca,Tully,丽贝卡·塔利
Len Hockey,Len,Hockey,莱恩·霍基
Lisa McKenzie,Lisa,McKenzie,丽莎·麦肯齐
Michelle Donelan,Michelle,Donelan,米歇尔·多内兰
Duncan Hames,Duncan,Hames,邓肯·海姆斯
Julia Reid,Julia,Reid,朱莉娅·里德
Andy Newman,Andy,Newman,安迪·纽曼
Tina Johnston,Tina,Johnston,蒂娜·约翰斯顿
Theresa Villiers,Theresa,Villiers,特蕾莎·维利尔斯
Amy Trevethan,Amy,Trevethan,艾米·特雷维森
Victor Kaye,Victor,Kaye,维克托·凯
AM Poppy,AM,Poppy,AM·波皮
Marisha Ray,Marisha,Ray,玛丽莎·蕾
Mehdi Akhavan,Mehdi,Akhavan,迈赫迪·阿卡万
Lindsay Hoyle,Lindsay,Hoyle,林赛·霍伊尔
Rob Loughenbury,Rob,Loughenbury,罗布·洛克伯里
Mark Smith,Mark,Smith,马克·史密斯
Stephen  Fenn,Stephen,Fenn,斯蒂芬·芬
Alistair Straw,Alistair,Straw,阿利斯泰尔·斯特劳
Adrian Maudsley,Adrian,Maudsley,阿德里安·莫兹利
Christopher Chope,Christopher,Chope,克里斯托弗·乔普
Robin Grey,Robin,Grey,罗宾·格雷
Andrew Satherley,Andrew,Satherley,安德鲁·萨瑟利
Andy Canning,Andy,Canning,安迪·坎宁
Shona Dunn,Shona,Dunn,肖娜·邓恩
Mark Field,Mark,Field,马克·菲尔德
Nick Slingsby,Nick,Slingsby,尼克·斯林斯比
Belinda Brooks-Gordon,Belinda,Brooks-Gordon,贝琳达·布鲁克斯-戈登
Hugh Small,Hugh,Small,休·斯莫尔
Robert Stephenson,Robert,Stephenson,罗伯特·斯蒂芬森
Edouard-Henri  Desforges,Edouard-Henri,Desforges,爱德华-亨利·德斯福格斯
Jill McLachlan,Jill,McLachlan,吉尔·麦克拉克伦
Adam  Clifford,Adam,Clifford,亚当·克利福德
Chris Matheson,Chris,Matheson,克里斯·马西森
Stephen Mosley,Stephen,Mosley,斯蒂芬·莫斯利
Stephen Ingram,Stephen,Ingram,斯蒂芬·英格拉姆
Bob Thompson,Bob,Thompson,鲍勃·汤普森
Roberta Blackman-Woods,Roberta,Blackman-Woods,罗伯塔·布莱克曼-伍兹
Rebecca Coulson,Rebecca,Coulson,丽贝卡·库尔森
Liam Clark,Liam,Clark,利亚姆·克拉克
Craig Martin,Craig,Martin,克雷格·马丁
Jonathan Elmer,Jonathan,Elmer,乔纳森·埃尔默
John Marshall,John,Marshall,约翰·马歇尔
Jon Collings,Jon,Collings,乔恩·柯林斯
John Carswell,John,Carswell,约翰·卡斯韦尔
Giles Watling,Giles,Watling,贾尔斯·沃特林
Tim Young,Tim,Young,蒂姆·杨
Chris Southall,Chris,Southall,克里斯·索撒尔
David Grace,David,Grace,戴维·格雷斯
Martin Vickers,Martin,Vickers,马丁·维克斯
Peter Keith,Peter,Keith,彼得·基思
Stephen Harness,Stephen,Harness,斯蒂芬·哈尼斯
Roy Horobin,Roy,Horobin,罗伊·霍罗宾
Carol Thornton,Carol,Thornton,卡罗尔·桑顿
Malcolm Morland,Malcolm,Morland,马尔科姆·莫兰
Will Quince,Will,Quince,威尔·昆斯
Bob Russell,Bob,Russell,鲍勃·拉塞尔
Jordan Newell,Jordan,Newell,乔丹·纽厄尔
John Pitts,John,Pitts,约翰·皮茨
Mark Goacher,Mark,Goacher,马克·戈彻
Ken Scrimshaw,Ken,Scrimshaw,肯·斯克里姆肖
Jason McCartney,Jason,McCartney,贾森·麦卡特尼
Jane East,Jane,East,简·伊斯特
Melanie Roberts,Melanie,Roberts,梅拉妮·罗伯茨
Cahal  Burke,Cahal,Burke,卡哈尔·伯克
Chas Ball,Chas,Ball,查斯·鲍尔
Paul Salveson,Paul,Salveson,保罗·萨尔维森
Melodie Staniforth,Melodie,Staniforth,梅洛迪·斯坦尼福思
Fiona Bruce,Fiona,Bruce,菲奥娜·布鲁斯
Darren Price,Darren,Price,达伦·普赖斯
Lee Slaughter,Lee,Slaughter,李·斯劳特
Peter Hirst,Peter,Hirst,彼得·赫斯特
Alec Heath,Alec,Heath,亚历克·希思
Jamie Reed,Jamie,Reed,杰米·里德
Stephen Haraldsen,Stephen,Haraldsen,斯蒂芬·哈拉森
Michael Pye,Michael,Pye,迈克尔·派伊
Danny Gallagher,Danny,Gallagher,丹尼·加拉格尔
Allan Todd,Allan,Todd,艾伦·托德
Tom Pursglove,Tom,Pursglove,汤姆·珀斯格洛夫
Andy Sawford,Andy,Sawford,安迪·索福德
Margot Parker,Margot,Parker,玛格特·帕克
Peter Harris,Peter,Harris,彼得·哈里斯
Jonathan Hornett,Jonathan,Hornett,乔纳森·霍内特
Colleen Fletcher,Colleen,Fletcher,科琳·弗莱彻
Michelle Lowe,Michelle,Lowe,米歇尔·洛
Avtar Taggar,Avtar,Taggar,阿夫塔尔·塔加尔
Russell Field,Russell,Field,罗素·菲尔德
Matthew Handley,Matthew,Handley,马修·汉德利
Nicky Downes,Nicky,Downes,尼基·唐斯
William Sidhu,William,Sidhu,威廉·西杜
Geoffrey Robinson,Geoffrey,Robinson,杰弗里·罗宾逊
Parvez Akhtar,Parvez,Akhtar,帕尔韦兹·阿赫塔尔
Harjinder  Sehmi,Harjinder,Sehmi,哈金德·塞米
Laura Vesty,Laura,Vesty,劳拉·维斯蒂
Andrew Furse,Andrew,Furse,安德鲁·弗斯
Dave Nellist,Dave,Nellist,戴夫·内利斯特
Jim Cunningham,Jim,Cunningham,吉姆·坎宁安
Gary Ridley,Gary,Ridley,加里·里德利
Mark Taylor,Mark,Taylor,马克·泰勒
Greg Judge,Greg,Judge,格雷格·贾奇
Ben Gallaher,Ben,Gallaher,本·加拉赫
Judy Griffiths,Judy,Griffiths,朱迪·格里菲斯
Chris Rooney,Chris,Rooney,克里斯·鲁尼
Henry Smith,Henry,Smith,亨利·史密斯
Chris Oxlade,Chris,Oxlade,克里斯·奥克斯莱德
Chris Brown,Chris,Brown,克里斯·布朗
Sarah Osborne,Sarah,Osborne,莎拉·奥斯本
Guy Hudson,Guy,Hudson,盖伊·赫德森
Edward Timpson,Edward,Timpson,爱德华·廷普森
Adrian Heald,Adrian,Heald,阿德里安·希尔德
Richard Lee,Richard,Lee,理查德·李
Roy Wood,Roy,Wood,罗伊·伍德
Gavin Barwell,Gavin,Barwell,加文·巴韦尔
Sarah Jones,Sarah,Jones,莎拉·琼斯
Peter  Staveley,Peter,Staveley,彼得·斯塔夫利
Esther Sutton,Esther,Sutton,埃丝特·萨顿
James  Fearnley,James,Fearnley,詹姆斯·费恩利
April Ashley,April,Ashley,阿普丽尔·阿什利
Martin Camden,Martin,Camden,马丁·卡姆登
Steve Reed,Steve,Reed,史蒂夫·里德
Vidhi Mohan,Vidhi,Mohan,维迪·莫汉
Winston McKenzie,Winston,McKenzie,温斯顿·麦肯齐
Shasha Khan,Shasha,Khan,沙沙·汗
Joanna Corbin,Joanna,Corbin,乔安娜·科宾
Glen Hart,Glen,Hart,格伦·哈特
Lee Berks,Lee,Berks,李·伯克斯
Ben Stevenson,Ben,Stevenson,本·史蒂文森
Chris Philp,Chris,Philp,克里斯·菲尔普
Emily  Benn,Emily,Benn,艾米丽·本
Kathleen Garner,Kathleen,Garner,凯瑟琳·加纳
Gill Hickson,Gill,Hickson,吉尔·希克森
Peter Underwood,Peter,Underwood,彼得·安德伍德
Mark Samuel,Mark,Samuel,马克·塞缪尔
Jonathan Bigger,Jonathan,Bigger,乔纳森·比格
Jon Cruddas,Jon,Cruddas,乔恩·克拉达斯
Peter Harris,Peter,Harris,彼得·哈里斯
Julie Marson,Julie,Marson,朱莉·马森
Kate Simpson,Kate,Simpson,凯特·辛普森
Denise Capstick,Denise,Capstick,丹尼斯·卡普斯蒂克
Tess Culnane,Tess,Culnane,特丝·卡纳恩
Terry London,Terry,London,特里·伦敦
Kim Gandy,Kim,Gandy,金·甘迪
Jenny Chapman,Jenny,Chapman,珍妮·查普曼
Peter Cuthbertson,Peter,Cuthbertson,彼得·卡思伯森
David Hodgson,David,Hodgson,戴维·霍奇森
Anne-Marie Curry,Anne-Marie,Curry,安妮-玛丽·柯里
Michael Cherrington,Michael,Cherrington,迈克尔·切林顿
Alan Docherty,Alan,Docherty,艾伦·多彻蒂
Gareth Johnson,Gareth,Johnson,加雷思·约翰逊
Simon Thomson,Simon,Thomson,西蒙·汤姆森
Elizabeth Jones,Elizabeth,Jones,伊丽莎白·琼斯
Simon Beard,Simon,Beard,西蒙·比尔德
Andy Blatchford,Andy,Blatchford,安迪·布拉奇福德
Steve Uncles,Steve,Uncles,史蒂夫·昂克尔斯
Chris Heaton-Harris,Chris,Heaton-Harris,克里斯·希顿-哈里斯
Abigail Campbell,Abigail,Campbell,阿比盖尔·坎贝尔
Michael Gerard,Michael,Gerard,迈克尔·杰勒德
Callum Delhoy,Callum,Delhoy,卡勒姆·德尔霍伊
Steve  Whiffen,Steve,Whiffen,史蒂夫·惠芬
Andrew Gwynne,Andrew,Gwynne,安德鲁·格温
Lana Hempsall,Lana,Hempsall,拉娜·亨普索尔
Andrew Fairfoull,Andrew,Fairfoull,安德鲁·费尔富尔
Nick Koopman,Nick,Koopman,尼克·库普曼
Mark Jewell,Mark,Jewell,马克·朱厄尔
Victoria Lofas,Victoria,Lofas,维多利亚·洛法斯
Amanda Solloway,Amanda,Solloway,阿曼达·索洛韦
Chris Williamson,Chris,Williamson,克里斯·威廉森
Tilly Ward,Tilly,Ward,蒂莉·沃德
Lucy Care,Lucy,Care,露西·凯尔
Alice Mason-Power,Alice,Mason-Power,爱丽丝·梅森-鲍尔
Margaret Beckett,Margaret,Beckett,玛格丽特·贝克特
Evonne Williams,Evonne,Williams,伊冯·威廉姆斯
Victor Webb,Victor,Webb,维克多·韦伯
Joe Naitta,Joe,Naitta,乔·奈塔
David Foster,David,Foster,戴维·福斯特
Chris Fernandez,Chris,Fernandez,克里斯·费尔南德斯
David Gale,David,Gale,戴维·盖尔
Patrick McLoughlin,Patrick,McLoughlin,帕特里克·麦克洛林
Andy Botham,Andy,Botham,安迪·博瑟姆
John Young,John,Young,约翰·杨
Ben Fearn,Ben,Fearn,本·费恩
Ian Wood,Ian,Wood,伊恩·伍德
Amila Y'Mech,Amila,Y'Mech,阿米拉·Y·梅克
Claire Perry,Claire,Perry,克莱尔·佩里
David Pollitt,David,Pollitt,戴维·波利特
Chris  Watts,Chris,Watts,克里斯·瓦茨
Manda Rigby,Manda,Rigby,曼达·里格比
Emma Dawnay,Emma,Dawnay,埃玛·道奈
Paula Sherriff,Paula,Sherriff,保拉·谢里夫
Simon Reevell,Simon,Reevell,西蒙·里维尔
Mark Thackray,Mark,Thackray,马克·撒克里
Ednan Hussain,Ednan,Hussain,埃德南·侯赛因
Adrian Cruden,Adrian,Cruden,阿德里安·克鲁登
Richard Carter,Richard,Carter,理查德·卡特
Steve Hakes,Steve,Hakes,史蒂夫·海克斯
Caroline Flint,Caroline,Flint,卡罗琳·弗林特
Carl Jackson,Carl,Jackson,卡尔·杰克逊
Charles Aston,Charles,Aston,查尔斯·阿斯顿
Rene Paterson,Rene,Paterson,雷内·佩特森
Steve Williams,Steve,Williams,史蒂夫·威廉姆斯
Louise Dutton,Louise,Dutton,路易丝·达顿
Rosie Winterton,Rosie,Winterton,罗西·温特顿
Chris Hodgson,Chris,Hodgson,克里斯·霍奇森
Zoe Metcalfe,Zoe,Metcalfe,佐伊·梅特卡夫
John Brown,John,Brown,约翰·布朗
Mev Akram,Mev,Akram,梅夫·阿克拉姆
David Burnett,David,Burnett,戴维·伯内特
Ed Miliband,Ed,Miliband,埃德·米利班德
Kim Parkinson,Kim,Parkinson,金·帕金森
Mark  Fletcher,Mark,Fletcher,马克·弗莱彻
Penny Baker,Penny,Baker,彭妮·贝克
Pete Kennedy,Pete,Kennedy,皮特·肯尼迪
David Allen,David,Allen,戴维·艾伦
Mary Jackson,Mary,Jackson,玛丽·杰克逊
Nick The Flying Brick,Nick,The Flying Brick,尼克·弗莱因·布里克
Charlie Elphicke,Charlie,Elphicke,查理·埃尔菲克
Clair Hawkins,Clair,Hawkins,克莱尔·霍金斯
David Little,David,Little,戴维·利特尔
Sarah Smith,Sarah,Smith,莎拉·史密斯
Jolyon Trimingham,Jolyon,Trimingham,乔利恩·特林厄姆
Ian Austin,Ian,Austin,伊恩·奥斯汀
Les Jones,Les,Jones,莱斯·琼斯
Bill Etheridge,Bill,Etheridge,比尔·埃瑟里奇
Will Duckworth,Will,Duckworth,威尔·达克沃思
Mike Collins,Mike,Collins,迈克·柯林斯
Rehan Afzal,Rehan,Afzal,雷汉·阿夫扎尔
Dave Pitt,Dave,Pitt,戴夫·皮特
Mike Wood,Mike,Wood,迈克·伍德
Natasha  Millward,Natasha,Millward,娜塔莎·米勒德
Paul Brothwood,Paul,Brothwood,保罗·布罗斯伍德
Vicky Duckworth,Vicky,Duckworth,维姬·达克沃思
Martin Turner,Martin,Turner,马丁·特纳
Helen Hayes,Helen,Hayes,海伦·海斯
Resham Kotecha,Resham,Kotecha,雷舍姆·科特查
James Barber,James,Barber,詹姆斯·巴伯
Rashid Nix,Rashid,Nix,拉希德·尼克斯
Rathy Alagaratnam,Rathy,Alagaratnam,拉西·阿拉加拉特南
Steve Nally,Steve,Nally,史蒂夫·纳利
Robin Lambert,Robin,Lambert,罗宾·兰伯特
Amadu Kanumansa,Amadu,Kanumansa,阿马杜·卡努曼萨
Rupa Huq,Rupa,Huq,鲁帕·胡克
Angie Bray,Angie,Bray,安吉·布雷
Jon Ball,Jon,Ball,乔恩·鲍尔
Peter Florence,Peter,Florence,彼得·弗洛伦斯
Tom Sharman,Tom,Sharman,汤姆·沙曼
Jonathan Notley,Jonathan,Notley,乔纳森·诺特利
Scott Dore,Scott,Dore,斯科特·多尔
Tammy Rendle,Tammy,Rendle,塔米·伦德尔
Andrzej Rygielski,Andrzej,Rygielski,安德烈·里吉尔斯基
Stephen Pound,Stephen,Pound,斯蒂芬·庞德
Thomas O'Malley,Thomas,O'Malley,托马斯·奥马利
Afzal Akram,Afzal,Akram,阿夫扎尔·阿克拉姆
Meena Hans,Meena,Hans,米娜·汉斯
Kevin McNamara,Kevin,McNamara,凯文·麦克纳马拉
David Hofman,David,Hofman,戴维·霍夫曼
Virendra Sharma,Virendra,Sharma,维伦德拉·夏尔马
James Symes,James,Symes,詹姆斯·赛姆斯
Jaspreet Mahal,Jaspreet,Mahal,贾斯普雷特·马哈尔
John Poynton,John,Poynton,约翰·波因顿
Kavya Kaushik,Kavya,Kaushik,卡维雅·考希克
Jagdeesh Singh,Jagdeesh,Singh,贾格迪什·辛格
Grahame Morris,Grahame,Morris,格雷厄姆·莫里斯
Jonathan Arnott,Jonathan,Arnott,乔纳森·阿诺特
Chris Hampsheir,Chris,Hampsheir,克里斯·汉普希尔
Luke Armstrong,Luke,Armstrong,卢克·阿姆斯特朗
Susan McDonnell,Susan,McDonnell,苏珊·麦克唐纳
Martie Warin,Martie,Warin,玛蒂·瓦林
Steven Colborn,Steven,Colborn,史蒂文·科尔本
Hugo Swire,Hugo,Swire,雨果·斯威尔
Claire Wright,Claire,Wright,克莱尔·赖特
Andrew Chapman,Andrew,Chapman,安德鲁·查普曼
Steve Race,Steve,Race,史蒂夫·雷斯
Stuart Mole,Stuart,Mole,斯图尔特·莫尔
Stephen Timms,Stephen,Timms,斯蒂芬·蒂姆斯
Samir Jassal,Samir,Jassal,萨米尔·贾萨尔
Daniel Oxley,Daniel,Oxley,丹尼尔·奥克斯利
Tamsin Omond,Tamsin,Omond,塔姆辛·奥蒙德
David Thorpe,David,Thorpe,戴维·索普
Mohammed Aslam,Mohammed,Aslam,穆罕默德·阿斯拉姆
Lois Austin,Lois,Austin,洛伊丝·奥斯汀
Damian Hinds,Damian,Hinds,达米安·海因兹
Peter Baillie,Peter,Baillie,彼得·贝利
Richard Robinson,Richard,Robinson,理查德·罗宾逊
Alex Wilks,Alex,Wilks,亚历克斯·威尔克斯
Peter Bisset,Peter,Bisset,彼得·比塞特
Sam Gyimah,Sam,Gyimah,萨姆·吉马
Helena Windsor,Helena,Windsor,海伦娜·温莎
Matt Wilson,Matt,Wilson,马特·威尔逊
David Lee,David,Lee,戴维·李
Nicky Dodgson,Nicky,Dodgson,尼基·道奇森
Sandy Pratt,Sandy,Pratt,桑迪·普拉特
Timothy Loughton,Timothy,Loughton,蒂莫西·劳顿
Tim Macpherson,Tim,Macpherson,蒂姆·麦克弗森
Mike Glennon,Mike,Glennon,迈克·格伦农
Bob Smytherman,Bob,Smytherman,鲍勃·斯迈瑟曼
James Doyle,James,Doyle,詹姆斯·多伊尔
Carl Walker,Carl,Walker,卡尔·沃克
Greg Knight,Greg,Knight,格雷格·奈特
Kevin Hickson,Kevin,Hickson,凯文·希克森
Steph Todd,Steph,Todd,斯蒂芙·托德
Robert Adamson,Robert,Adamson,罗伯特·亚当森
Mark  Maloney,Mark,Maloney,马克·马洛尼
Stewart  Arnold,Stewart,Arnold,斯图尔特·阿诺德
Caroline Ansell,Caroline,Ansell,卡罗琳·安塞尔
Stephen Lloyd,Stephen,Lloyd,斯蒂芬·劳埃德
Nigel Jones,Nigel,Jones,奈杰尔·琼斯
Jake Lambert,Jake,Lambert,杰克·兰伯特
Andrew Durling,Andrew,Durling,安德鲁·德林
Paul Howard,Paul,Howard,保罗·霍华德
Mims Davies,Mims,Davies,米姆斯·戴维斯
Mike Thornton,Mike,Thornton,迈克·桑顿
Patricia Culligan,Patricia,Culligan,帕特里夏·卡利根
Mark Latham,Mark,Latham,马克·莱瑟姆
Ron Meldrum,Ron,Meldrum,龙·梅尔德鲁姆
Ray Hall,Ray,Hall,雷·霍尔
Declan Clune,Declan,Clune,迪克兰·克卢恩
Antoinette Sandbach,Antoinette,Sandbach,安托瓦内特·桑德巴赫
James Laing,James,Laing,詹姆斯·莱恩
James Millington,James,Millington,詹姆斯·米林顿
Ian Priestner,Ian,Priestner,伊恩·普里斯特纳
Andrew Garman,Andrew,Garman,安德鲁·加曼
George Antar,George,Antar,乔治·安塔尔
Kate Osamor,Kate,Osamor,凯特·奥萨莫
Gonul Daniels,Gonul,Daniels,戈努尔·丹尼尔斯
Neville Watson,Neville,Watson,内维尔·沃森
Douglas Coker,Douglas,Coker,道格拉斯·科克
David Schmitz,David,Schmitz,戴维·施米茨
Lewis Peacock,Lewis,Peacock,刘易斯·皮科克
Justin Madders,Justin,Madders,贾斯廷·马德斯
Katherine Fletcher,Katherine,Fletcher,凯瑟琳·弗莱彻
Jonathan Starkey,Jonathan,Starkey,乔纳森·斯塔基
Trish Derraugh,Trish,Derraugh,特丽什·德拉
Michelle Palmer,Michelle,Palmer,米歇尔·帕尔默
Felicity Dowling,Felicity,Dowling,费莉西蒂·道林
John Dyer,John,Dyer,约翰·戴尔
Alec Shelbrooke,Alec,Shelbrooke,亚历克·谢尔布鲁克
Veronica King,Veronica,King,维罗妮卡·金
Paul Spivey,Paul,Spivey,保罗·斯派维
Stewart Golton,Stewart,Golton,斯图尔特·戈尔顿
Dave Brooks,Dave,Brooks,戴夫·布鲁克斯
Clive Efford,Clive,Efford,克莱夫·埃福德
Spencer Drury,Spencer,Drury,斯潘塞·德鲁里
Peter Whittle,Peter,Whittle,彼得·惠特尔
Alexander Cunliffe,Alexander,Cunliffe,亚历山大·坎利夫
James Parker,James,Parker,詹姆斯·帕克
Joan Ryan,Joan,Ryan,琼·瑞安
Nick de Bois,Nick,de Bois,尼克·德·布瓦
Deborah Cairns,Deborah,Cairns,黛博拉·凯恩斯
David Flint,David,Flint,戴维·弗林特
Cara Jenkinson,Cara,Jenkinson,卡拉·詹金森
Yemi Awolola,Yemi,Awolola,耶米·阿沃洛拉
Joe Simpson,Joe,Simpson,乔·辛普森
David Burrowes,David,Burrowes,戴维·伯罗斯
Bambos Charalambous,Bambos,Charalambous,班博斯·查拉兰博斯
David Schofield,David,Schofield,戴维·斯科菲尔德
Jean Robertson-Molloy,Jean,Robertson-Molloy,琼·罗伯逊-莫洛伊
Paul Smith,Paul,Smith,保罗·史密斯
Eleanor Laing,Eleanor,Laing,埃莉诺·莱恩
Andrew Smith,Andrew,Smith,安德鲁·史密斯
Gareth Barrett,Gareth,Barrett,加雷思·巴雷特
Jon Whitehouse,Jon,Whitehouse,乔恩·怀特豪斯
Anna Widdup,Anna,Widdup,安娜·维达普
Gerard Wadsworth,Gerard,Wadsworth,杰勒德·沃兹沃思
Christopher Grayling,Christopher,Grayling,克里斯托弗·格雷林
Sheila Carlson,Sheila,Carlson,希拉·卡尔森
Robert Leach,Robert,Leach,罗伯特·利奇
Stephen Gee,Stephen,Gee,斯蒂芬·吉
Susan McGrath,Susan,McGrath,苏珊·麦格拉思
Lionel Blackman,Lionel,Blackman,莱昂内尔·布莱克曼
Gareth Harfoot,Gareth,Harfoot,加雷思·哈福特
Maggie Throup,Maggie,Throup,玛吉·瑟鲁普
Catherine Atkinson,Catherine,Atkinson,凯瑟琳·阿特金森
Philip Rose,Philip,Rose,菲利普·罗斯
Martin Garnett,Martin,Garnett,马丁·加内特
Ralph Hierons,Ralph,Hierons,拉尔夫·希伦斯
Teresa Pearce,Teresa,Pearce,特雷莎·皮尔斯
Anna Firth,Anna,Firth,安娜·弗思
Ronie Johnson,Ronie,Johnson,罗尼·约翰逊
Simon Waddington,Simon,Waddington,西蒙·沃丁顿
Ann Garrett,Ann,Garrett,安·加勒特
Sid Cordle,Sid,Cordle,锡德·科德尔
Graham Moore,Graham,Moore,格雷厄姆·摩尔
Dominic Raab,Dominic,Raab,多米尼克·拉布
Francis Eldergill,Francis,Eldergill,弗朗西斯·埃尔德吉尔
Nicholas Wood,Nicholas,Wood,尼古拉斯·伍德
Andrew Davis,Andrew,Davis,安德鲁·戴维斯
Olivia Palmer,Olivia,Palmer,奥利维亚·帕尔默
Matt Heenan,Matt,Heenan,马特·希南
Della Reynolds,Della,Reynolds,德拉·雷诺兹
Ben Bradshaw,Ben,Bradshaw,本·布拉德肖
Dom Morris,Dom,Morris,多姆·莫里斯
Keith Crawford,Keith,Crawford,基思·克劳福德
Diana Moore,Diana,Moore,戴安娜·摩尔
Joel Mason,Joel,Mason,乔尔·梅森
Edmund Potts,Edmund,Potts,埃德蒙·波茨
Suella Fernandes,Suella,Fernandes,苏拉·费尔南德斯
Malcolm Jones,Malcolm,Jones,马尔科姆·琼斯
Stuart Rose,Stuart,Rose,斯图尔特·罗斯
Matthew Winnington,Matthew,Winnington,马修·温宁顿
Miles Grindey,Miles,Grindey,迈尔斯·格林迪
Nick Gregory,Nick,Gregory,尼克·格雷戈里
Harvey Hines,Harvey,Hines,哈维·海恩斯
Helen Whately,Helen,Whately,海伦·惠特利
Peter Edwards-Daem,Peter,Edwards-Daem,彼得·爱德华兹-达姆
Michael Desmond,Michael,Desmond,迈克尔·德斯蒙德
David Naghi,David,Naghi,戴维·纳吉
Tim Valentine,Tim,Valentine,蒂姆·瓦伦丁
Hairy  Davidson,Hairy,Davidson,哈里·戴维森
Gary Butler,Gary,Butler,加里·巴特勒
Seema Malhotra,Seema,Malhotra,西玛·马尔霍特拉
Simon Nayyar,Simon,Nayyar,西蒙·纳亚尔
Peter Dul,Peter,Dul,彼得·杜尔
Roger Crouch,Roger,Crouch,罗杰·克劳奇
Tony Firkins,Tony,Firkins,托尼·菲尔金斯
Jack Lopresti,Jack,Lopresti,杰克·洛普雷斯蒂
Ian Boulton,Ian,Boulton,伊恩·博尔顿
Ben Walker,Ben,Walker,本·沃克
Peter Bruce,Peter,Bruce,彼得·布鲁斯
Diana Warner,Diana,Warner,戴安娜·沃纳
Mike Freer,Mike,Freer,迈克·弗里尔
Sarah Sackman,Sarah,Sackman,莎拉·萨克曼
Richard King,Richard,King,理查德·金
Jonathan Davies,Jonathan,Davies,乔纳森·戴维斯
Adele Ward,Adele,Ward,阿黛尔·沃德
Damian Collins,Damian,Collins,达米安·柯林斯
Harriet Yeo,Harriet,Yeo,哈丽雅特·约
Claire Jeffrey,Claire,Jeffrey,克莱尔·杰弗里
Lynne Beaumont,Lynne,Beaumont,林恩·博蒙特
Martin Whybrow,Martin,Whybrow,马丁·怀布罗
Seth Cruse,Seth,Cruse,塞思·克鲁斯
Rohen Kapur,Rohen,Kapur,罗亨·卡普尔
Andy  Thomas-Emans,Andy,Thomas-Emans,安迪·托马斯-埃曼斯
Mark Harper,Mark,Harper,马克·哈珀
Steve Parry-Hearn,Steve,Parry-Hearn,史蒂夫·帕里-赫恩
Steve Stanbury,Steve,Stanbury,史蒂夫·斯坦伯里
James Greenwood,James,Greenwood,詹姆斯·格林伍德
Chris Coleman,Chris,Coleman,克里斯·科尔曼
Mark Menzies,Mark,Menzies,马克·孟席斯
Jed Sullivan,Jed,Sullivan,杰德·沙利文
Paul White,Paul,White,保罗·怀特
Mike Hill,Mike,Hill,迈克·希尔
Fred van Mierlo,Fred,van Mierlo,弗雷德·范·米耶洛
Bob Dennett,Bob,Dennett,鲍勃·丹尼特
Elizabeth Clarkson,Elizabeth,Clarkson,伊丽莎白·克拉克森
Edward Leigh,Edward,Leigh,爱德华·利
David Prescott,David,Prescott,戴维·普雷斯科特
John Saxon,John,Saxon,约翰·萨克森
Lesley Rollings,Lesley,Rollings,莱斯利·罗林斯
Geoffrey Barnes,Geoffrey,Barnes,杰弗里·巴恩斯
Christopher Darcel,Christopher,Darcel,克里斯托弗·达克尔
Maria Eagle,Maria,Eagle,玛丽亚·伊格尔
Martin Williams,Martin,Williams,马丁·威廉姆斯
Carl Schears,Carl,Schears,卡尔·希尔斯
Anna Martin,Anna,Martin,安娜·马丁
Will Ward,Will,Ward,威尔·沃德
James Mearns,James,Mearns,詹姆斯·米恩斯
John Tennant,John,Tennant,约翰·坦南特
Tom Smith,Tom,Smith,汤姆·史密斯
Frank Hindle,Frank,Hindle,弗兰克·欣德尔
Andy Redfern,Andy,Redfern,安迪·雷德芬
Vernon Coaker,Vernon,Coaker,弗农·科克
Carolyn Abbott,Carolyn,Abbott,卡罗琳·阿博特
Lee Waters,Lee,Waters,李·沃特斯
Robert Swift,Robert,Swift,罗伯特·斯威夫特
Jim Norris,Jim,Norris,吉姆·诺里斯
Rehman Chishti,Rehman,Chishti,雷曼·奇什蒂
Paul Clark,Paul,Clark,保罗·克拉克
Mark Hanson,Mark,Hanson,马克·汉森
Paul Chaplin,Paul,Chaplin,保罗·卓别林
Neil Williams,Neil,Williams,尼尔·威廉姆斯
Jacqui Berry,Jacqui,Berry,杰奎·贝里
Roger  Peacock,Roger,Peacock,罗杰·皮科克
Mike  Walters,Mike,Walters,迈克·沃尔特斯
Richard Graham,Richard,Graham,理查德·格雷厄姆
Sophy Gardner,Sophy,Gardner,索菲·加德纳
Richard Ford,Richard,Ford,理查德·福特
Jeremy  Hilton,Jeremy,Hilton,杰里米·希尔顿
Jonathan Ingleby,Jonathan,Ingleby,乔纳森·英格尔比
George Ridgeon,George,Ridgeon,乔治·里奇恩
Sue Powell,Sue,Powell,苏·鲍威尔
Caroline Dinenage,Caroline,Dinenage,卡罗琳·迪纳基
Christopher Wood,Christopher,Wood,克里斯托弗·伍德
Alan Durrant,Alan,Durrant,艾伦·达兰特
Rob Hylands,Rob,Hylands,罗布·海兰兹
Monica Cassidy,Monica,Cassidy,莫妮卡·卡西迪
Jeffrey Roberts,Jeffrey,Roberts,杰弗里·罗伯茨
Nick Boles,Nick,Boles,尼克·博尔斯
Marietta King,Marietta,King,玛丽埃塔·金
Barrie Fairbairn,Barrie,Fairbairn,巴里·费尔贝恩
Harrish Bisnauthsing,Harrish,Bisnauthsing,哈里什·比斯诺辛
Aidan Campbell,Aidan,Campbell,艾丹·坎贝尔
Ian Selby,Ian,Selby,伊恩·塞尔比
Jan Hansen,Jan,Hansen,扬·汉森
Adam Holloway,Adam,Holloway,亚当·霍洛威
Tan Dhesi,Tan,Dhesi,谭·德西
Sean Marriott,Sean,Marriott,肖恩·马里奥特
Mark Lindop,Mark,Lindop,马克·林多普
Anne-Marie Bunting,Anne-Marie,Bunting,安妮-玛丽·邦廷
Melanie Onn,Melanie,Onn,梅拉妮·昂恩
Marc Jones,Marc,Jones,马克·琼斯
Victoria Ayling,Victoria,Ayling,维多利亚·艾林
Steve Beasant,Steve,Beasant,史蒂夫·比桑特
Vicky Dunn,Vicky,Dunn,维姬·邓恩
Gary Calder,Gary,Calder,加里·考尔德
Val O'Flynn,Val,O'Flynn,瓦尔·奥弗林
Brandon Lewis,Brandon,Lewis,布兰登·刘易斯
Lara Norris,Lara,Norris,拉拉·诺里斯
Alan Grey,Alan,Grey,艾伦·格雷
James Joyce,James,Joyce,詹姆斯·乔伊斯
Harry Webb,Harry,Webb,哈里·韦伯
Sam Townley,Sam,Townley,山姆·汤利
Matthew Pennycook,Matthew,Pennycook,马修·彭尼库克
Matt Hartley,Matt,Hartley,马特·哈特利
Ryan Acty,Ryan,Acty,瑞安·阿克蒂
Abideen Akinoshun,Abideen,Akinoshun,阿比丁·阿基诺顺
Tom Holder,Tom,Holder,汤姆·霍尔德
Lynne Chamberlain,Lynne,Chamberlain,林恩·张伯伦
Anne Milton,Anne,Milton,安妮·米尔顿
Kelly-Marie Blundell,Kelly-Marie,Blundell,凯利-玛丽·布伦德尔
Richard Wilson,Richard,Wilson,理查德·威尔逊
Harry Aldridge,Harry,Aldridge,哈里·奥尔德里奇
John Pletts,John,Pletts,约翰·普莱茨
Susan Parker,Susan,Parker,苏珊·帕克
John Morris,John,Morris,约翰·莫里斯
Gerri Smyth,Gerri,Smyth,格里·史密斯
Diane Abbott,Diane,Abbott,黛安·阿博特
Amy Gray,Amy,Gray,艾米·格雷
Heather Finlay,Heather,Finlay,希瑟·芬利
Simon de Deney,Simon,de Deney,西蒙·德·德尼
Keith Fraser,Keith,Fraser,基思·弗雷泽
Jonathan Homan,Jonathan,Homan,乔纳森·霍曼
Jonathan Silberman,Jonathan,Silberman,乔纳森·西尔伯曼
Margaret Hillier,Margaret,Hillier,玛格丽特·希利尔
John Tinley,John,Tinley,约翰·廷利
Charlotte George,Charlotte,George,夏洛特·乔治
Benjamin Mathis,Benjamin,Mathis,本杰明·马西斯
David Small,David,Small,戴维·斯莫尔
Brian Debus,Brian,Debus,布赖恩·德布斯
Paul Birch,Paul,Birch,保罗·伯奇
Taiwo Adewuyi,Taiwo,Adewuyi,泰沃·阿德武伊
Russell Higgs,Russell,Higgs,罗素·希格斯
William Rogers,William,Rogers,威廉·罗杰斯
Gordon Shrigley,Gordon,Shrigley,戈登·什里格利
James Morris,James,Morris,詹姆斯·莫里斯
Stephanie Peacock,Stephanie,Peacock,斯蒂芬妮·皮科克
Dean Perks,Dean,Perks,迪安·珀克斯
Peter Tyzack,Peter,Tyzack,彼得·泰扎克
John Payne,John,Payne,约翰·佩恩
Holly Lynch,Holly,Lynch,霍莉·林奇
Philip Allott,Philip,Allott,菲利普·阿洛特
Liz Phillips,Liz,Phillips,利兹·菲利普斯
Mohammad Ilyas,Mohammad,Ilyas,穆罕默德·伊利亚斯
Gary Scott,Gary,Scott,加里·斯科特
Asama Javed,Asama,Javed,阿萨马·贾韦德
Trevor Bendrien,Trevor,Bendrien,特雷弗·本德里恩
David Davis,David,Davis,戴维·戴维斯
Edward Hart,Edward,Hart,爱德华·哈特
John Kitchener,John,Kitchener,约翰·基奇纳
Carl Minns,Carl,Minns,卡尔·明斯
Tim Greene,Tim,Greene,蒂姆·格林
Diana Wallis,Diana,Wallis,戴安娜·沃利斯
Derek Twigg,Derek,Twigg,德里克·特威格
Matthew Lloyd,Matthew,Lloyd,马修·劳埃德
Glyn Redican,Glyn,Redican,格林·雷迪肯
Ryan Bate,Ryan,Bate,瑞安·贝特
David Melvin,David,Melvin,戴维·梅尔文
Vic  Turton,Vic,Turton,维克·特顿
Andy Slaughter,Andy,Slaughter,安迪·斯劳特
Charlie Dewhirst,Charlie,Dewhirst,查理·德赫斯特
Millicent  Scott,Millicent,Scott,米莉森特·斯科特
Richard  Akan,Richard,Akan,理查德·阿坎
David Wood,David,Wood,戴维·伍德
Stephen Brennan,Stephen,Brennan,斯蒂芬·布伦南
Tulip Siddiq,Tulip,Siddiq,郁金香·西迪克
Simon Marcus,Simon,Marcus,西蒙·马库斯
Maajid Nawaz,Maajid,Nawaz,马吉德·纳瓦兹
Rebecca Johnson,Rebecca,Johnson,丽贝卡·约翰逊
Magnus Nielsen,Magnus,Nielsen,马格努斯·尼尔森
The Eurovisionary Carroll,The Eurovisionary,Carroll,欧洲电视网的卡罗尔
Robin Ellison,Robin,Ellison,罗宾·埃里森
Edward Garnier,Edward,Garnier,爱德华·加尼尔
Sundip Meghani,Sundip,Meghani,松迪普·梅加尼
Mark Hunt,Mark,Hunt,马克·亨特
Zuffar Haq,Zuffar,Haq,祖法尔·哈克
Darren Woodiwiss,Darren,Woodiwiss,达伦·伍迪维斯
Robert Halfon,Robert,Halfon,罗伯特·哈尔丰
Suzy Stride,Suzy,Stride,苏齐·斯特赖德
Sam Stopplecamp,Sam,Stopplecamp,山姆·斯托普尔坎普
Murray Sackwild,Murray,Sackwild,默里·萨克怀尔德
Geoffrey Seeff,Geoffrey,Seeff,杰弗里·西夫
David Brown,David,Brown,戴维·布朗
Eddy Butler,Eddy,Butler,埃迪·巴特勒
Andrew Jones,Andrew,Jones,安德鲁·琼斯
Helen Flynn,Helen,Flynn,海伦·弗林
David Simister,David,Simister,戴维·西米斯特
Jan Williams,Jan,Williams,扬·威廉姆斯
Shan Oakes,Shan,Oakes,珊·奥克斯
Bob Blackman,Bob,Blackman,鲍勃·布莱克曼
Uma Kumaran,Uma,Kumaran,乌玛·库马兰
Aidan Powlesland,Aidan,Powlesland,艾丹·波尔斯兰
Ross Barlow,Ross,Barlow,罗斯·巴洛
Emma Wallace,Emma,Wallace,埃玛·华莱士
Nana Asante,Nana,Asante,娜娜·阿桑特
Gareth Thomas,Gareth,Thomas,加雷思·托马斯
Hannah David,Hannah,David,汉娜·戴维
Mohammad  Bhatti,Mohammad,Bhatti,穆罕默德·巴蒂
Christopher Noyce,Christopher,Noyce,克里斯托弗·诺伊斯
Rowan Langley,Rowan,Langley,罗文·兰利
Kailash Trivedi,Kailash,Trivedi,凯拉什·特里维迪
Iain Wright,Iain,Wright,伊恩·赖特
Phillip Broughton,Phillip,Broughton,菲利普·布劳顿
Richard Royal,Richard,Royal,理查德·罗亚尔
Stephen Picton,Stephen,Picton,斯蒂芬·皮克顿
Michael Holt,Michael,Holt,迈克尔·霍尔特
Sandra Allison,Sandra,Allison,桑德拉·艾莉森
Hilary Allen,Hilary,Allen,希拉里·艾伦
John Hobbs,John,Hobbs,约翰·霍布斯
Bernard Jenkin,Bernard,Jenkin,伯纳德·詹金
Edward Carlsson Browne,Edward,Carlsson Browne,爱德华·卡尔松·布朗
Mark Hughes,Mark,Hughes,马克·休斯
Dominic Graham,Dominic,Graham,多米尼克·格雷厄姆
Christopher Flossman,Christopher,Flossman,克里斯托弗·弗洛斯曼
Amber Rudd,Amber,Rudd,安珀·拉德
Sarah Owen,Sarah,Owen,莎拉·欧文
Andrew Michael,Andrew,Michael,安德鲁·迈克尔
Jake Bowers,Jake,Bowers,杰克·鲍尔斯
Nick Perry,Nick,Perry,尼克·佩里
Alan Mak,Alan,Mak,艾伦·马克
John Perry,John,Perry,约翰·佩里
Graham Giles,Graham,Giles,格雷厄姆·贾尔斯
Steve Sollitt,Steve,Sollitt,史蒂夫·索利特
Tim Dawes,Tim,Dawes,蒂姆·道斯
John McDonnell,John,McDonnell,约翰·麦克唐纳
Pearl Lewis,Pearl,Lewis,珀尔·刘易斯
Cliff Dixon,Cliff,Dixon,克利夫·迪克森
Satnam Khalsa,Satnam,Khalsa,萨特南·卡尔萨
Alick Munro,Alick,Munro,阿利克·芒罗
William Wragg,William,Wragg,威廉·拉格
Lisa Smart,Lisa,Smart,丽莎·斯马特
Michael Taylor,Michael,Taylor,迈克尔·泰勒
Darran Palmer,Darran,Palmer,达伦·帕尔默
Graham Reid,Graham,Reid,格雷厄姆·里德
Mike Penning,Mike,Penning,迈克·彭宁
Tony Breslin,Tony,Breslin,托尼·布雷斯林
Howard Koch,Howard,Koch,霍华德·科赫
Rabi Martins,Rabi,Martins,拉比·马丁斯
Alan Borgars,Alan,Borgars,艾伦·博加斯
Brian Hall,Brian,Hall,布赖恩·霍尔
Jon Trickett,Jon,Trickett,乔恩·特里克特
Christopher Pearson,Christopher,Pearson,克里斯托弗·皮尔逊
Steve Ashton,Steve,Ashton,史蒂夫·阿什顿
Mary Macqueen,Mary,Macqueen,玛丽·麦昆
Martin Roberts,Martin,Roberts,马丁·罗伯茨
Matthew Offord,Matthew,Offord,马修·奥福德
Andrew Dismore,Andrew,Dismore,安德鲁·迪斯莫尔
Raymond Shamash,Raymond,Shamash,雷蒙德·沙马什
Alasdair Hill,Alasdair,Hill,阿拉斯代尔·希尔
Ben Samuel,Ben,Samuel,本·塞缪尔
John Howell,John,Howell,约翰·豪厄尔
Sam Juthani,Sam,Juthani,山姆·朱萨尼
Sue Cooper,Sue,Cooper,苏·库珀
Chris Jones,Chris,Jones,克里斯·琼斯
Mark Stevenson,Mark,Stevenson,马克·史蒂文森
Jesse Norman,Jesse,Norman,杰西·诺曼
Nigel Ely,Nigel,Ely,奈杰尔·伊利
Anna Coda,Anna,Coda,安娜·科达
Lucy Hurds,Lucy,Hurds,露西·赫兹
Diana Toynbee,Diana,Toynbee,戴安娜·托因比
Michael Prisk,Michael,Prisk,迈克尔·普里斯克
Katherine Chibah,Katherine,Chibah,凯瑟琳·奇巴
Adrian Baker,Adrian,Baker,阿德里安·贝克
Michael Green,Michael,Green,迈克尔·格林
Sophie Christophy,Sophie,Christophy,索菲·克里斯托菲
Oliver Dowden,Oliver,Dowden,奥利弗·道登
Richard Butler,Richard,Butler,理查德·巴特勒
Frank Ward,Frank,Ward,弗兰克·沃德
Sophie Bowler,Sophie,Bowler,索菲·鲍勒
Guy Opperman,Guy,Opperman,盖伊·奥珀曼
Liam Carr,Liam,Carr,利亚姆·卡尔
David Nicholson,David,Nicholson,戴维·尼科尔森
Jeff Reid,Jeff,Reid,杰夫·里德
Lee Williscroft-Ferris,Lee,Williscroft-Ferris,李·威利斯克罗夫特-费里斯
Liz  McInnes,Liz,McInnes,利兹·麦金尼斯
John Bickley,John,Bickley,约翰·比克利
Iain Gartside,Iain,Gartside,伊恩·加特赛德
Anthony Smith,Anthony,Smith,安东尼·史密斯
Abi Jackson,Abi,Jackson,阿比·杰克逊
Andrew Bingham,Andrew,Bingham,安德鲁·宾厄姆
Caitlin Bisknell,Caitlin,Bisknell,凯特琳·比斯克内尔
Ian Guiver,Ian,Guiver,伊恩·吉弗
Stephen Worrall,Stephen,Worrall,斯蒂芬·沃勒尔
Charlotte Farrell,Charlotte,Farrell,夏洛特·法雷尔
Peter Lilley,Peter,Lilley,彼得·利利
Rachel Burgin,Rachel,Burgin,雷切尔·伯金
John Stocker,John,Stocker,约翰·斯托克
Pauline Pearce,Pauline,Pearce,波林·皮尔斯
Richard Wise,Richard,Wise,理查德·怀斯
Keir Starmer,Keir,Starmer,基尔·斯塔默
Will Blair,Will,Blair,威尔·布莱尔
Natalie Bennett,Natalie,Bennett,娜塔莉·贝内特
Jill Fraser,Jill,Fraser,吉尔·弗雷泽
Maxine Spencer,Maxine,Spencer,玛克辛·斯宾塞
Shane O'Donnell,Shane,O'Donnell,肖恩·奥唐奈
Vanessa  Hudson,Vanessa,Hudson,瓦妮莎·赫德森
David  O'Sullivan,David,O'Sullivan,戴维·奥沙利文
Angela Watkinson,Angela,Watkinson,安杰拉·沃特金森
Lawrence Webb,Lawrence,Webb,劳伦斯·韦伯
Paul McGeary,Paul,McGeary,保罗·麦基里
Jonathan Mitchell,Jonathan,Mitchell,乔纳森·米切尔
Melanie Collins,Melanie,Collins,梅拉妮·柯林斯
Paul Borg,Paul,Borg,保罗·博格
Catherine West,Catherine,West,凯瑟琳·韦斯特
Lynne Featherstone,Lynne,Featherstone,林恩·费瑟斯通
Suhail Rahuja,Suhail,Rahuja,苏海尔·拉胡贾
Gordon Peters,Gordon,Peters,戈登·彼得斯
Clive Morrison,Clive,Morrison,克莱夫·莫里森
Helen Spiby-Vann,Helen,Spiby-Vann,海伦·斯皮比-范
Frank Sweeney,Frank,Sweeney,弗兰克·斯威尼
Geoff Moseley,Geoff,Moseley,杰夫·莫斯利
Jeremy Quin,Jeremy,Quin,杰里米·奎因
Roger Arthur,Roger,Arthur,罗杰·阿瑟
Morwen Millson,Morwen,Millson,莫文·米尔森
Martyn Davis,Martyn,Davis,马丁·戴维斯
Darrin Green,Darrin,Green,达林·格林
James Smith,James,Smith,詹姆斯·史密斯
Jim Duggan,Jim,Duggan,吉姆·达根
Jim Rae,Jim,Rae,吉姆·雷
Bridget Phillipson,Bridget,Phillipson,布里奇特·菲利普森
Richard Elvin,Richard,Elvin,理查德·埃尔文
Stewart Hay,Stewart,Hay,斯图尔特·海
Alan Robinson,Alan,Robinson,艾伦·罗宾逊
Jim Murray,Jim,Murray,吉姆·默里
Peter Kyle,Peter,Kyle,彼得·凯尔
Graham Cox,Graham,Cox,格雷厄姆·考克斯
Christopher Hawtree,Christopher,Hawtree,克里斯托弗·霍特里
Kevin Smith,Kevin,Smith,凯文·史密斯
Peter Lambell,Peter,Lambell,彼得·兰贝尔
Jenny Barnard-Langston,Jenny,Barnard-Langston,珍妮·巴纳德-兰斯顿
Dave Hill,Dave,Hill,戴夫·希尔
Dame Dixon,Dame,Dixon,戴姆·迪克森
Barry Sheerman,Barry,Sheerman,巴里·希尔曼
Itrat Ali,Itrat,Ali,伊特拉特·阿里
Rob Butler,Rob,Butler,罗布·巴特勒
Andrew Cooper,Andrew,Cooper,安德鲁·库珀
Zulfiqar Ali,Zulfiqar,Ali,祖尔菲卡尔·阿里
Mike Forster,Mike,Forster,迈克·福斯特
Jonathan Djanogly,Jonathan,Djanogly,乔纳森·詹奥利
Nik Johnson,Nik,Johnson,尼克·约翰逊
Paul Bullen,Paul,Bullen,保罗·布伦
Rod Cantrill,Rod,Cantrill,罗德·坎特里尔
Tom MacLennan,Tom,MacLennan,汤姆·麦克伦南
Graham Jones,Graham,Jones,格雷厄姆·琼斯
Kevin Horkin,Kevin,Horkin,凯文·霍金
Janet Brown,Janet,Brown,珍妮特·布朗
Kerry Gormley,Kerry,Gormley,克里·戈尔姆利
Alison Firth,Alison,Firth,艾莉森·弗思
Wes Streeting,Wes,Streeting,韦斯·斯特里廷
Lee Scott,Lee,Scott,李·斯科特
Philip Hyde,Philip,Hyde,菲利普·海德
Richard Clare,Richard,Clare,理查德·克莱尔
David Reynolds,David,Reynolds,戴维·雷诺兹
Doris Osen,Doris,Osen,多丽丝·奥森
Mike Gapes,Mike,Gapes,迈克·盖普斯
Christopher Chapman,Christopher,Chapman,克里斯托弗·查普曼
Amjad Khan,Amjad,Khan,阿姆贾德·汗
Anne Warrington,Anne,Warrington,安妮·沃林顿
Ashburn Holder,Ashburn,Holder,阿什伯恩·霍尔德
Ben Gummer,Ben,Gummer,本·古默
David Ellesmere,David,Ellesmere,戴维·埃尔斯米尔
Maria Vigneau,Maria,Vigneau,玛丽亚·维尼奥
Barry Broom,Barry,Broom,巴里·布鲁姆
Chika Akinwale,Chika,Akinwale,奇卡·阿基瓦莱
Andrew Turner,Andrew,Turner,安德鲁·特纳
Iain McKie,Iain,McKie,伊恩·麦基
Vix Lowthion,Vix,Lowthion,维克斯·劳锡恩
Stewart Blackmore,Stewart,Blackmore,斯图尔特·布莱克莫尔
David Goodall,David,Goodall,戴维·古多尔
Ian Stephens,Ian,Stephens,伊恩·斯蒂芬斯
Jeremy Corbyn,Jeremy,Corbyn,杰里米·科尔宾
Alex Burghart,Alex,Burghart,亚历克斯·伯卡特
Caroline Russell,Caroline,Russell,卡罗琳·拉塞尔
Julian Gregory,Julian,Gregory,朱利安·格雷戈里
Gregory Clough,Gregory,Clough,格雷戈里·克拉夫
Bill  Martin,Bill,Martin,比尔·马丁
Emily Thornberry,Emily,Thornberry,艾米莉·索恩伯里
Mark Lim,Mark,Lim,马克·林
Terry Stacy,Terry,Stacy,特里·斯泰西
Peter Muswell,Peter,Muswell,彼得·马斯韦尔
Charlie Kiss,Charlie,Kiss,查理·基斯
Jay Kirton,Jay,Kirton,杰伊·柯顿
Stephen Hepburn,Stephen,Hepburn,斯蒂芬·赫伯恩
Steven Harrison,Steven,Harrison,史蒂文·哈里森
Nick Mason,Nick,Mason,尼克·梅森
Dave Herbert,Dave,Herbert,戴夫·赫伯特
Stan Collins,Stan,Collins,斯坦·柯林斯
Norman Hall,Norman,Hall,诺曼·霍尔
Kris Hopkins,Kris,Hopkins,克里斯·霍普金斯
John Grogan,John,Grogan,约翰·格罗根
Paul Latham,Paul,Latham,保罗·莱瑟姆
Ros Brown,Ros,Brown,罗斯·布朗
Gareth Epps,Gareth,Epps,加雷思·埃普斯
Jeremy Wright,Jeremy,Wright,杰里米·赖特
Bally Singh,Bally,Singh,巴利·辛格
Harry Cottam,Harry,Cottam,哈里·科塔姆
Richard  Dickson,Richard,Dickson,理查德·迪克森
Rob Ballantyne,Rob,Ballantyne,罗布·巴兰坦
Nick Green,Nick,Green,尼克·格林
Jon Foster-Smith,Jon,Foster-Smith,乔恩·福斯特-史密斯
Victoria Borwick,Victoria,Borwick,维多利亚·博威克
Mohammed Abouharb,Mohammed,Abouharb,穆罕默德·阿布哈布
Robin McGhee,Robin,McGhee,罗宾·麦吉
Robina Rose,Robina,Rose,罗比娜·罗斯
Jack Bovill,Jack,Bovill,杰克·博维尔
Tony Auguste,Tony,Auguste,托尼·奥古斯特
Andrew Knight,Andrew,Knight,安德鲁·奈特
Toby Abse,Toby,Abse,托比·阿布斯
Roland Courtenay,Roland,Courtenay,罗兰·考特尼
Philip Hollobone,Philip,Hollobone,菲利普·霍洛伯恩
Rhea Keehn,Rhea,Keehn,雷亚·基恩
Jonathan Bullock,Jonathan,Bullock,乔纳森·布洛克
Rob Reeves,Rob,Reeves,罗布·里夫斯
Chris McGlynn,Chris,McGlynn,克里斯·麦格林
Derek Hilling,Derek,Hilling,德里克·希林
Michael Berry,Michael,Berry,迈克尔·贝里
Ed Davey,Ed,Davey,埃德·戴维
Lee Godfrey,Lee,Godfrey,李·戈弗雷
Ben Roberts,Ben,Roberts,本·罗伯茨
Clare Keogh,Clare,Keogh,克莱尔·基奥
Daniel Gill,Daniel,Gill,丹尼尔·吉尔
Laurel Fogarty,Laurel,Fogarty,劳雷尔·福加蒂
Karl Turner,Karl,Turner,卡尔·特纳
Richard Barrett,Richard,Barrett,理查德·巴雷特
Christine Mackay,Christine,Mackay,克里斯汀·麦凯
David Nolan,David,Nolan,戴维·诺兰
Sarah  Walpole,Sarah,Walpole,莎拉·沃尔波尔
Martin Clayton,Martin,Clayton,马丁·克莱顿
Mike Cooper,Mike,Cooper,迈克·库珀
Val Hoodless,Val,Hoodless,瓦尔·胡德利斯
Diana Johnson,Diana,Johnson,戴安娜·约翰逊
Sergi Singh,Sergi,Singh,塞尔吉·辛格
Dehenna Davison,Dehenna,Davison,黛娜·戴维森
Mike Ross,Mike,Ross,迈克·罗斯
Martin Deane,Martin,Deane,马丁·迪恩
Vicky Butler,Vicky,Butler,维姬·巴特勒
Alan Johnson,Alan,Johnson,艾伦·约翰逊
Paul Salvidge,Paul,Salvidge,保罗·萨尔维奇
Jo Barker,Jo,Barker,乔·巴克
Claire  Thomas,Claire,Thomas,克莱尔·托马斯
Angela Needham,Angela,Needham,安杰拉·尼达姆
Paul Spooner,Paul,Spooner,保罗·斯普纳
Chris Skidmore,Chris,Skidmore,克里斯·斯吉德莫尔
Jo McCarron,Jo,McCarron,乔·麦卡伦
Duncan Odgers,Duncan,Odgers,邓肯·奥杰斯
Adam Boyden,Adam,Boyden,亚当·博伊登
Cezara Nanu,Cezara,Nanu,切扎拉·纳努
Julie Lake,Julie,Lake,朱莉·莱克
Richard Worth,Richard,Worth,理查德·沃思
Liam Bryan,Liam,Bryan,利亚姆·布赖恩
George Howarth,George,Howarth,乔治·豪沃思
Louise Bours,Louise,Bours,路易丝·布尔
Alice Bramall,Alice,Bramall,爱丽丝·布拉马尔
Carl Cashman,Carl,Cashman,卡尔·卡什曼
Vikki Gregorich,Vikki,Gregorich,维基·格雷戈里奇
Catherine Smith,Catherine,Smith,凯瑟琳·史密斯
Eric Ollerenshaw,Eric,Ollerenshaw,埃里克·奥勒伦肖
Matthew Atkins,Matthew,Atkins,马修·阿特金斯
Chris Coates,Chris,Coates,克里斯·科茨
Robin Long,Robin,Long,罗宾·朗
Harold Elletson,Harold,Elletson,哈罗德·埃莱森
Hilary Benn,Hilary,Benn,希拉里·本
Nicola Wilson,Nicola,Wilson,尼古拉·威尔逊
Luke Senior,Luke,Senior,卢克·西尼尔
Michael Hayton,Michael,Hayton,迈克尔·海顿
Emma Spriggs,Emma,Spriggs,埃玛·斯普里格斯
Liz Kitching,Liz,Kitching,利兹·基钦
Richard Burgon,Richard,Burgon,理查德·伯根
Ryan Stephenson,Ryan,Stephenson,瑞安·斯蒂芬森
Mark Maniatt,Mark,Maniatt,马克·马尼亚特
Ed Sanderson,Ed,Sanderson,埃德·桑德森
Kate Bisson,Kate,Bisson,凯特·比松
Fabian Hamilton,Fabian,Hamilton,法比安·汉密尔顿
Simon Wilson,Simon,Wilson,西蒙·威尔逊
Warren Hendon,Warren,Hendon,沃伦·亨登
Aqila Choudhry,Aqila,Choudhry,阿其拉·乔杜里
Emma Carter,Emma,Carter,埃玛·卡特
Celia Foote,Celia,Foote,西莉亚·富特
Greg Mulholland,Greg,Mulholland,格雷格·马尔霍兰
Alex Sobel,Alex,Sobel,亚历克斯·索贝尔
Alex Story,Alex,Story,亚历克斯·斯托里
Tim  Goodall,Tim,Goodall,蒂姆·古多尔
Julian Metcalfe,Julian,Metcalfe,朱利安·梅特卡夫
Bob Buxton,Bob,Buxton,鲍勃·巴克斯顿
Mike Davies,Mike,Davies,迈克·戴维斯
Mark Flanagan,Mark,Flanagan,马克·弗拉纳根
Rachel Reeves,Rachel,Reeves,雷切尔·里夫斯
Alex Pierre-Traves,Alex,Pierre-Traves,亚历克斯·皮埃尔-特拉维斯
Anne Murgatroyd,Anne,Murgatroyd,安妮·默加特罗伊德
Andrew Pointon,Andrew,Pointon,安德鲁·波因顿
Laura Coyle,Laura,Coyle,劳拉·科伊尔
Matthew West,Matthew,West,马修·韦斯特
Ben Mayor,Ben,Mayor,本·梅厄
Keith Vaz,Keith,Vaz,基思·瓦兹
Kishan Devani,Kishan,Devani,基尚·德瓦尼
Susanna Steptoe,Susanna,Steptoe,苏珊娜·斯蒂普托
Nimit Jethwa,Nimit,Jethwa,尼米特·杰思瓦
Dave Raval,Dave,Raval,戴夫·拉瓦尔
Michael Barker,Michael,Barker,迈克尔·巴克
Tom Darwood,Tom,Darwood,汤姆·达伍德
Jonathan Ashworth,Jonathan,Ashworth,乔纳森·阿什沃思
Leon Hadji-Nikolaou,Leon,Hadji-Nikolaou,莱昂·哈吉-尼古拉乌
Peter Stone,Peter,Stone,彼得·斯通
Gabby Garcia,Gabby,Garcia,加比·加西亚
Anita Prabhakar,Anita,Prabhakar,安妮塔·普拉巴卡尔
Andrew Walton,Andrew,Walton,安德鲁·沃尔顿
Liz Kendall,Liz,Kendall,利兹·肯德尔
Paul Bessant,Paul,Bessant,保罗·贝桑特
Stuart Young,Stuart,Young,斯图尔特·杨
Peter Hague,Peter,Hague,彼得·哈格
Ian Bradwell,Ian,Bradwell,伊恩·布拉德韦尔
Heather Rawling,Heather,Rawling,希瑟·罗林
Andy Burnham,Andy,Burnham,安迪·伯纳姆
Louisa Townson,Louisa,Townson,路易莎·汤森
Les Leggett,Les,Leggett,莱斯·莱格特
Bill Winlow,Bill,Winlow,比尔·温洛
Stephen Hall,Stephen,Hall,斯蒂芬·霍尔
Maria Caulfield,Maria,Caulfield,玛丽亚·考尔菲尔德
Norman Baker,Norman,Baker,诺曼·贝克
Ray Finch,Ray,Finch,雷·芬奇
Lloyd Russell-Moyle,Lloyd,Russell-Moyle,劳埃德·罗素-莫伊尔
Alfie Stirling,Alfie,Stirling,阿尔菲·斯特林
Heidi Alexander,Heidi,Alexander,海蒂·亚历山大
Peter Fortune,Peter,Fortune,彼得·福琼
Anna Waters,Anna,Waters,安娜·沃特斯
Julia Fletcher,Julia,Fletcher,朱莉娅·弗莱彻
Storm Poorun,Storm,Poorun,斯托姆·普伦
Nick Long,Nick,Long,尼克·朗
Maureen Martin,Maureen,Martin,莫琳·马丁
Jim Dowd,Jim,Dowd,吉姆·多德
Russell Jackson,Russell,Jackson,罗素·杰克逊
Tom Chance,Tom,Chance,汤姆·钱斯
Gary Harding,Gary,Harding,加里·哈丁
Alex Feakes,Alex,Feakes,亚历克斯·费克斯
Martin Powell-Davies,Martin,Powell-Davies,马丁·鲍威尔-戴维斯
David Hansom,David,Hansom,戴维·汉瑟姆
George Whale,George,Whale,乔治·惠尔
Vicky Foxcroft,Vicky,Foxcroft,维姬·福克斯克罗夫特
Bim Afolami,Bim,Afolami,比姆·阿福拉米
John Coughlin,John,Coughlin,约翰·科格伦
Michael Bukola,Michael,Bukola,迈克尔·布科拉
Massimo Dimambro,Massimo,Dimambro,马西莫·迪曼布罗
Helen Mercer,Helen,Mercer,海伦·默瑟
Malcolm Martin,Malcolm,Martin,马尔科姆·马丁
Christopher Flood,Christopher,Flood,克里斯托弗·弗拉德
Phillip Badger,Phillip,Badger,菲利普·巴杰
David Harvey,David,Harvey,戴维·哈维
John Cryer,John,Cryer,约翰·克莱尔
Matthew Scott,Matthew,Scott,马修·斯科特
Ashley Gunstock,Ashley,Gunstock,阿什利·冈斯托克
Rosamund Beattie,Rosamund,Beattie,罗莎蒙德·比蒂
Carl Quilliam,Carl,Quilliam,卡尔·奎利姆
Mahtab  Aziz,Mahtab,Aziz,马塔卜·阿齐兹
Michael Fabricant,Michael,Fabricant,迈克尔·法布里坎特
Chris  Worsey,Chris,Worsey,克里斯·沃西
John Rackham,John,Rackham,约翰·拉克姆
Paul Ray,Paul,Ray,保罗·雷
Robert Pass,Robert,Pass,罗伯特·帕斯
Andy Bennetts,Andy,Bennetts,安迪·本尼茨
Karl McCartney,Karl,McCartney,卡尔·麦卡特尼
Lucy Rigby,Lucy,Rigby,露西·里格比
Nick Smith,Nick,Smith,尼克·史密斯
Ross Pepper,Ross,Pepper,罗斯·佩珀
Elaine Smith,Elaine,Smith,伊莱恩·史密斯
Helen Powell,Helen,Powell,海伦·鲍威尔
Louise Ellman,Louise,Ellman,路易丝·埃尔曼
Martin Dobson,Martin,Dobson,马丁·多布森
Jackson Ng,Jackson,Ng,杰克逊·吴
Joe Chiffers,Joe,Chiffers,乔·奇弗斯
Paul Childs,Paul,Childs,保罗·柴尔兹
Tony Mulhearn,Tony,Mulhearn,托尼·马尔希恩
Steven Rotheram,Steven,Rotheram,史蒂文·罗瑟勒姆
Steven Flatman,Steven,Flatman,史蒂文·弗拉特曼
Norsheen Bhatti,Norsheen,Bhatti,诺尔辛·巴蒂
Jonathan Clatworthy,Jonathan,Clatworthy,乔纳森·克拉特沃西
Pat Moloney,Pat,Moloney,帕特·莫洛尼
Alexander  Karran,Alexander,Karran,亚历山大·卡兰
Jonathan Dzon,Jonathan,Dzon,乔纳森·宗
Luciana Berger,Luciana,Berger,卢西亚娜·伯杰
James Pearson,James,Pearson,詹姆斯·皮尔逊
Adam Heatherington,Adam,Heatherington,亚当·希瑟林顿
Leo Evans,Leo,Evans,利奥·埃文斯
Peter Cranie,Peter,Cranie,彼得·克兰尼
Dave Walsh,Dave,Walsh,戴夫·沃尔什
Niamh McCarthy,Niamh,McCarthy,尼亚姆·麦卡锡
Stephen Twigg,Stephen,Twigg,斯蒂芬·特威格
Neil Miney,Neil,Miney,尼尔·米尼
Ed McRandal,Ed,McRandal,埃德·麦克兰德尔
Steve Radford,Steve,Radford,史蒂夫·拉德福德
Rebecca Lawson,Rebecca,Lawson,丽贝卡·劳森
Paul Twigger,Paul,Twigger,保罗·特威格
Nicky Morgan,Nicky,Morgan,尼基·摩根
Matthew O'Callaghan,Matthew,O'Callaghan,马修·奥卡拉汉
Bill Piper,Bill,Piper,比尔·派珀
Steve Coltman,Steve,Coltman,史蒂夫·科尔特曼
Matt Sisson,Matt,Sisson,马特·西森
Victoria Atkins,Victoria,Atkins,维多利亚·阿特金斯
Colin Mair,Colin,Mair,科林·迈尔
Matthew Brown,Matthew,Brown,马修·布朗
Lisa Gabriel,Lisa,Gabriel,丽莎·加布里埃尔
Romy Rayner,Romy,Rayner,罗米·雷纳
Daniel Simpson,Daniel,Simpson,丹尼尔·辛普森
Peter Hill,Peter,Hill,彼得·希尔
Philip Dunne,Philip,Dunne,菲利普·邓恩
David Kelly,David,Kelly,戴维·凯利
Charlotte Barnes,Charlotte,Barnes,夏洛特·巴恩斯
Simon Slater,Simon,Slater,西蒙·斯莱特
Janet  Phillips,Janet,Phillips,珍妮特·菲利普斯
Kelvin Hopkins,Kelvin,Hopkins,凯尔文·霍普金斯
Dean Russell,Dean,Russell,迪安·罗素
Allan White,Allan,White,艾伦·怀特
Aroosa Ulzaman,Aroosa,Ulzaman,阿鲁萨·乌尔扎曼
Sofiya Ahmed,Sofiya,Ahmed,索菲亚·艾哈迈德
Gavin Shuker,Gavin,Shuker,加文·舒克
Katie Redmond,Katie,Redmond,凯蒂·雷德蒙
Muhammad Rehman,Muhammad,Rehman,穆罕默德·拉赫曼
Ashuk Ahmed,Ashuk,Ahmed,阿舒克·艾哈迈德
Simon Hall,Simon,Hall,西蒙·霍尔
Attiq Malik,Attiq,Malik,阿蒂克·马利克
Paul Weston,Paul,Weston,保罗·韦斯顿
David Rutley,David,Rutley,戴维·拉特利
Tim Roca,Tim,Roca,蒂姆·罗卡
Adrian Howard,Adrian,Howard,阿德里安·霍华德
Neil Christian,Neil,Christian,尼尔·克里斯蒂安
Joan Plimmer,Joan,Plimmer,琼·普利默
Theresa May,Theresa,May,特蕾莎·梅
Charles Smith,Charles,Smith,查尔斯·史密斯
Tony Hill,Tony,Hill,托尼·希尔
Herbie Crossman,Herbie,Crossman,赫比·克罗斯曼
Emily Blyth,Emily,Blyth,艾米莉·布莱斯
Ian Taplin,Ian,Taplin,伊恩·塔普林
Joe Wilcox,Joe,Wilcox,乔·威尔科克斯
Helen Grant,Helen,Grant,海伦·格兰特
Jasper Gerard,Jasper,Gerard,贾斯珀·杰勒德
Eddie Powell,Eddie,Powell,埃迪·鲍威尔
Allen Simpson,Allen,Simpson,艾伦·辛普森
Hannah Patton,Hannah,Patton,汉娜·帕顿
Paul  Hobday,Paul,Hobday,保罗·霍布迪
Robin Kinrade,Robin,Kinrade,罗宾·金雷德
Yvonne Fovargue,Yvonne,Fovargue,伊冯·福瓦格
Andrew Collinson,Andrew,Collinson,安德鲁·柯林森
Syeda Zaidi,Syeda,Zaidi,西达·扎伊迪
John Skipworth,John,Skipworth,约翰·斯基普沃思
Philip Mitchell,Philip,Mitchell,菲利普·米切尔
John Whittingdale,John,Whittingdale,约翰·惠廷代尔
Beverley Acevedo,Beverley,Acevedo,贝弗利·阿塞韦多
Peter Edwards,Peter,Edwards,彼得·爱德华兹
Ken Martin,Ken,Martin,肯·马丁
Zoe O'Connell,Zoe,O'Connell,佐伊·奥康奈尔
Robert Graves,Robert,Graves,罗伯特·格雷夫斯
John Marett,John,Marett,约翰·马雷特
Lucy Powell,Lucy,Powell,露西·鲍威尔
Xingang Wang,Xingang,Wang,邢刚·王
Myles Power,Myles,Power,迈尔斯·鲍尔
Kieran Turner-Dave,Kieran,Turner-Dave,基兰·特纳-戴夫
John  Reid,John,Reid,约翰·里德
Loz Kaye,Loz,Kaye,洛兹·凯
Alex Davidson,Alex,Davidson,亚历克斯·戴维森
John Davies,John,Davies,约翰·戴维斯
Gerald Kaufman,Gerald,Kaufman,杰拉尔德·考夫曼
Laura Bannister,Laura,Bannister,劳拉·班尼斯特
Mohammed Afzal,Mohammed,Afzal,穆罕默德·阿夫扎尔
Phil Eckersley,Phil,Eckersley,菲尔·埃克斯利
Dave Page,Dave,Page,戴夫·佩奇
Simon Hickman,Simon,Hickman,西蒙·希克曼
Cris Chesha,Cris,Chesha,克里斯·切沙
Jeff Smith,Jeff,Smith,杰夫·史密斯
John Leech,John,Leech,约翰·利奇
Robert Manning,Robert,Manning,罗伯特·曼宁
Lucy Bannister,Lucy,Bannister,露西·班尼斯特
Mark Davies,Mark,Davies,马克·戴维斯
Marcus Farmer,Marcus,Farmer,马库斯·法默
Alan Meale,Alan,Meale,艾伦·米尔
Andrea Clarke,Andrea,Clarke,安德烈娅·克拉克
Sid Pepper,Sid,Pepper,锡德·佩珀
Tony Rogers,Tony,Rogers,托尼·罗杰斯
Paul Frost,Paul,Frost,保罗·弗罗斯特
Karen Seymour,Karen,Seymour,卡伦·西摩
George Hollingbery,George,Hollingbery,乔治·霍林伯里
David Alexander,David,Alexander,戴维·亚历山大
Gemma McKenna,Gemma,McKenna,杰玛·麦肯纳
Chris Carrigan,Chris,Carrigan,克里斯·卡里根
Diana Korchien,Diana,Korchien,戴安娜·科尔钦
Caroline Spelman,Caroline,Spelman,卡罗琳·斯佩尔曼
Tom McNeil,Tom,McNeil,汤姆·麦克尼尔
Mick Gee,Mick,Gee,米克·吉
Ade Adeyemo,Ade,Adeyemo,阿德·阿德耶莫
Alison Gavin,Alison,Gavin,艾莉森·加文
Chris Booth,Chris,Booth,克里斯·布斯
Nadine Dorries,Nadine,Dorries,纳丁·多里斯
Charlynne Pullen,Charlynne,Pullen,查理恩·普伦
Nigel Wickens,Nigel,Wickens,奈杰尔·威肯斯
Linda Jack,Linda,Jack,琳达·杰克
Gareth Ellis,Gareth,Ellis,加雷思·埃利斯
Tim Ireland,Tim,Ireland,蒂姆·爱尔兰
Ann Kelly,Ann,Kelly,安·凯利
Pauline Latham,Pauline,Latham,波林·莱瑟姆
Nicola Heaton,Nicola,Heaton,尼古拉·希顿
Martin Fitzpatrick,Martin,Fitzpatrick,马丁·菲茨帕特里克
Hilary Jones,Hilary,Jones,希拉里·琼斯
Sue MacFarlane,Sue,MacFarlane,苏·麦克法伦
Michael Tomlinson,Michael,Tomlinson,迈克尔·汤姆林森
Vikki Slade,Vikki,Slade,维基·斯莱德
Richard Turner,Richard,Turner,理查德·特纳
Patrick Canavan,Patrick,Canavan,帕特里克·卡纳万
Mark Chivers,Mark,Chivers,马克·奇弗斯
George Freeman,George,Freeman,乔治·弗里曼
Anna Coke,Anna,Coke,安娜·可乐
Harry  Clarke,Harry,Clarke,哈里·克拉克
Paul Speed,Paul,Speed,保罗·斯皮德
Simeon Jackson,Simeon,Jackson,西米恩·杰克逊
Nicholas Soames,Nicholas,Soames,尼古拉斯·索姆斯
Greg Mountain,Greg,Mountain,格雷格·芒廷
Toby Brothers,Toby,Brothers,托比·布拉泽斯
Daisy Cooper,Daisy,Cooper,黛西·库珀
Miranda Diboll,Miranda,Diboll,米兰达·迪博尔
Beki Adam,Beki,Adam,贝基·亚当
Baron Von Thunderclap,Baron,Von Thunderclap,巴龙·冯·桑德克拉普
Nigel Huddleston,Nigel,Huddleston,奈杰尔·赫德尔斯顿
Richard Keel,Richard,Keel,理查德·基尔
Robin Lunn,Robin,Lunn,罗宾·伦恩
Margaret Rowley,Margaret,Rowley,玛格丽特·罗利
Neil Franks,Neil,Franks,尼尔·弗兰克斯
Andy McDonald,Andy,McDonald,安迪·麦克唐纳
Nigel Baker,Nigel,Baker,奈杰尔·贝克
Simon Clarke,Simon,Clarke,西蒙·克拉克
Hannah Graham,Hannah,Graham,汉娜·格雷厄姆
Richard Kilpatrick,Richard,Kilpatrick,理查德·基尔帕特里克
Tom Blenkinsop,Tom,Blenkinsop,汤姆·布伦金斯普
Will Goodhand,Will,Goodhand,威尔·古德汉德
Steve Turner,Steve,Turner,史蒂夫·特纳
Ben Gibson,Ben,Gibson,本·吉布森
Martin Brampton,Martin,Brampton,马丁·布兰普顿
Mark Lancaster,Mark,Lancaster,马克·兰开斯特
Emily Darlington,Emily,Darlington,艾米丽·达灵顿
David Reilly,David,Reilly,戴维·赖利
Paul Graham,Paul,Graham,保罗·格雷厄姆
Jennifer Marklew,Jennifer,Marklew,珍妮弗·马克卢
Katie Simpson,Katie,Simpson,凯蒂·辛普森
David Mortimer,David,Mortimer,戴维·莫蒂默
Iain Stewart,Iain,Stewart,伊恩·斯图尔特
Andrew Pakes,Andrew,Pakes,安德鲁·帕克斯
Vince Peddle,Vince,Peddle,文斯·佩德尔
Lisa Smith,Lisa,Smith,丽莎·史密斯
Samantha Pancheri,Samantha,Pancheri,萨曼莎·潘切里
Stephen Fulton,Stephen,Fulton,斯蒂芬·富尔顿
Matthew Gibson,Matthew,Gibson,马修·吉布森
Siobhain McDonagh,Siobhain,McDonagh,西沃恩·麦克唐纳
Paul Holmes,Paul,Holmes,保罗·霍姆斯
Richard Hilton,Richard,Hilton,理查德·希尔顿
Mason Redding,Mason,Redding,梅森·雷丁
Diana Coman,Diana,Coman,戴安娜·科曼
Des Coke,Des,Coke,德斯·科克
Paul Beresford,Paul,Beresford,保罗·贝雷斯福德
Paul Kennedy,Paul,Kennedy,保罗·肯尼迪
Paul  Oakley,Paul,Oakley,保罗·奥克利
Len Amos,Len,Amos,莱恩·阿莫斯
Jacquetta Fewster,Jacquetta,Fewster,雅克塔·费斯特
David Morris,David,Morris,戴维·莫里斯
Amina Lone,Amina,Lone,阿米娜·隆
Steven  Ogden,Steven,Ogden,史蒂文·奥格登
Matthew Severn,Matthew,Severn,马修·塞文
Phil Chandler,Phil,Chandler,菲尔·钱德勒
Michael Dawson,Michael,Dawson,迈克尔·道森
Andrea Jenkyns,Andrea,Jenkyns,安德烈娅·詹金斯
Ed Balls,Ed,Balls,埃德·鲍尔斯
David Dews,David,Dews,戴维·杜斯
Rebecca Taylor,Rebecca,Taylor,丽贝卡·泰勒
Martin Hemingway,Martin,Hemingway,马丁·海明威
Arnie Craven,Arnie,Craven,阿尼·克雷文
Julian Lewis,Julian,Lewis,朱利安·刘易斯
Roy Swales,Roy,Swales,罗伊·斯威尔斯
Andrew Pope,Andrew,Pope,安德鲁·波普
Bruce Tennent,Bruce,Tennent,布鲁斯·特南特
Sally May,Sally,May,萨莉·梅
Desmond Swayne,Desmond,Swayne,德斯蒙德·斯温
Paul Bailey,Paul,Bailey,保罗·贝利
Lena Samuels,Lena,Samuels,莉娜·塞缪尔斯
Imogen Shepherd-DuBey,Imogen,Shepherd-DuBey,伊莫金·谢泼德-杜贝
Janet Richards,Janet,Richards,珍妮特·理查兹
Robert Jenrick,Robert,Jenrick,罗伯特·詹里克
Michael Payne,Michael,Payne,迈克尔·佩恩
Brian Mapletoft,Brian,Mapletoft,布赖恩·梅普尔托夫特
David Dobbie,David,Dobbie,戴维·多比
Elayne Forster,Elayne,Forster,伊莱恩·福斯特
Helen Tyrer,Helen,Tyrer,海伦·泰瑞
Richard Benyon,Richard,Benyon,理查德·本扬
Judith Bunting,Judith,Bunting,朱迪丝·邦廷
Catherine Anderson,Catherine,Anderson,凯瑟琳·安德森
Jonny Roberts,Jonny,Roberts,乔尼·罗伯茨
Paul Field,Paul,Field,保罗·菲尔德
Peter Norman,Peter,Norman,彼得·诺曼
Barrie Singleton,Barrie,Singleton,巴里·辛格尔顿
Andrew Stott,Andrew,Stott,安德鲁·斯托特
Chi Onwurah,Chi,Onwurah,齐·翁武拉
Simon Kitchen,Simon,Kitchen,西蒙·基钦
Daniel Thompson,Daniel,Thompson,丹尼尔·汤普森
Nick Cott,Nick,Cott,尼克·科特
Alexander Johnson,Alexander,Johnson,亚历山大·约翰逊
Nicho;as Brown,Nicho;as,Brown,尼古拉斯·布朗
Duncan Crute,Duncan,Crute,邓肯·克鲁特
David Robinson-Young,David,Robinson-Young,戴维·罗宾逊-杨
Wendy Taylor,Wendy,Taylor,温迪·泰勒
Andrew Gray,Andrew,Gray,安德鲁·格雷
Paul Phillips,Paul,Phillips,保罗·菲利普斯
Susan Stevenson,Susan,Stevenson,苏珊·史蒂文森
Catherine McKinnell,Catherine,McKinnell,凯瑟琳·麦金内尔
Stephen Bates,Stephen,Bates,斯蒂芬·贝茨
Timothy Marron,Timothy,Marron,蒂莫西·马龙
Anita Lower,Anita,Lower,安妮塔·洛厄
Alison Whalley,Alison,Whalley,艾莉森·沃利
Violet Rook,Violet,Rook,维奥莱特·鲁克
Paul Farrelly,Paul,Farrelly,保罗·法雷利
Tony Cox,Tony,Cox,托尼·考克斯
Phil Wood,Phil,Wood,菲尔·伍德
Ian Wilkes,Ian,Wilkes,伊恩·威尔克斯
Sam Gibbons,Sam,Gibbons,山姆·吉本斯
David Nixon,David,Nixon,戴维·尼克松
Anne-Marie Morris,Anne-Marie,Morris,安妮-玛丽·莫里斯
Richard Younger-Ross,Richard,Younger-Ross,理查德·杨格-罗斯
Rod Peers,Rod,Peers,罗德·皮尔斯
Roy Freer,Roy,Freer,罗伊·弗里尔
Steven Smyth-Bonfield,Steven,Smyth-Bonfield,史蒂文·史密斯-邦菲尔德
Sean  Brogan,Sean,Brogan,肖恩·布罗根
Yvette Cooper,Yvette,Cooper,伊薇特·库珀
Nathan Garbutt,Nathan,Garbutt,内森·加尔伯特
Beth Prescott,Beth,Prescott,贝丝·普雷斯科特
Edward McMillan-Scott,Edward,McMillan-Scott,爱德华·麦克米伦-斯科特
Scott Mann,Scott,Mann,斯科特·曼
Dan Rogerson,Dan,Rogerson,丹·罗杰森
Julie Lingard,Julie,Lingard,朱莉·林加德
John Whitby,John,Whitby,约翰·惠特比
Amanda Pennington,Amanda,Pennington,阿曼达·彭宁顿
Jeremy Jefferies,Jeremy,Jefferies,杰里米·杰弗里斯
John Allman,John,Allman,约翰·奥尔曼
Peter Heaton-Jones,Peter,Heaton-Jones,彼得·希顿-琼斯
Nick Harvey,Nick,Harvey,尼克·哈维
Steve Crowther,Steve,Crowther,史蒂夫·克劳瑟
Mark Cann,Mark,Cann,马克·坎恩
Richard Knight,Richard,Knight,理查德·奈特
Gerrard Sables,Gerrard,Sables,杰拉德·萨布尔斯
Simon Hoare,Simon,Hoare,西蒙·霍尔
Steve Unwin,Steve,Unwin,史蒂夫·昂温
Hugo Mieville,Hugo,Mieville,雨果·米维尔
Kim Fendley,Kim,Fendley,金·芬德利
Richard Barrington,Richard,Barrington,理查德·巴林顿
Kevan Jones,Kevan,Jones,凯文·琼斯
Laetitia Glossop,Laetitia,Glossop,莱蒂蒂亚·格洛索普
Malcolm Bint,Malcolm,Bint,马尔科姆·宾特
Peter Maughan,Peter,Maughan,彼得·莫根
Vicki Nolan,Vicki,Nolan,维基·诺兰
Alistair Burt,Alistair,Burt,阿利斯泰尔·伯特
Saqhib Ali,Saqhib,Ali,萨基卜·阿里
Adrianne Smyth,Adrianne,Smyth,阿德里安娜·史密斯
Peter Morris,Peter,Morris,彼得·莫里斯
Mark Bowler,Mark,Bowler,马克·鲍勒
Steve Barclay,Steve,Barclay,史蒂夫·巴克利
Andrew Charalambous,Andrew,Charalambous,安德鲁·查拉兰博斯
Ken Rustidge,Ken,Rustidge,肯·鲁斯蒂奇
Lucy Nethsingha,Lucy,Nethsingha,露西·内辛哈
Helen Scott-Daniels,Helen,Scott-Daniels,海伦·斯科特-丹尼尔斯
Natascha  Engel,Natascha,Engel,娜塔莎·恩格尔
Lee Rowley,Lee,Rowley,李·罗利
James Bush,James,Bush,詹姆斯·布什
David Batey,David,Batey,戴维·巴蒂
David Kesteven,David,Kesteven,戴维·凯斯特文
Rob Lane,Rob,Lane,罗布·莱恩
Ranil Jayawardena,Ranil,Jayawardena,拉尼尔·贾亚瓦德纳
Graham Cockarill,Graham,Cockarill,格雷厄姆·科卡里尔
Amran Hussain,Amran,Hussain,阿姆兰·侯赛因
Robert Blay,Robert,Blay,罗伯特·布莱
Andrew Johnston,Andrew,Johnston,安德鲁·约翰斯顿
Mad Max Bobetsky,Mad Max,Bobetsky,疯狂的马克斯
Oliver Heald,Oliver,Heald,鲍勃·博茨基
Chris York,Chris,York,奥利弗·希尔德
William Compton,William,Compton,克里斯·约克
Joe Jordan,Joe,Jordan,威廉·康普顿
Mario May,Mario,May,乔·乔丹
Jacob Rees-Mogg,Jacob,Rees-Mogg,马里奥·梅
Todd Foreman,Todd,Foreman,雅各布·里斯-莫格
Ernie Blaber,Ernie,Blaber,托德·福尔曼
Wera Hobhouse,Wera,Hobhouse,厄尼·布莱伯
Katy Boyce,Katy,Boyce,维拉·霍布豪斯
Bill Wiggin,Bill,Wiggin,凯蒂·博伊斯
Jonathan Oakton,Jonathan,Oakton,比尔·威金
Jeanie Falconer,Jeanie,Falconer,乔纳森·奥克顿
Sally  Prentice,Sally,Prentice,珍妮·福尔克纳
Daisy Blench,Daisy,Blench,萨莉·普伦蒂斯
Norman Lamb,Norman,Lamb,黛西·布伦奇
Ann Steward,Ann,Steward,诺曼·兰姆
Michael Baker,Michael,Baker,安·斯图尔德
Denise Burke,Denise,Burke,迈克尔·贝克
Mike Macartney-Filgate,Mike,Macartney-Filgate,丹尼斯·伯克
Owen Paterson,Owen,Paterson,迈克·麦卡特尼-菲尔盖特
Graeme Currie,Graeme,Currie,欧文·佩特森
Andrea Allen,Andrea,Allen,格雷姆·柯里
Tom Thornhill,Tom,Thornhill,安德烈娅·艾伦
Duncan Kerr,Duncan,Kerr,汤姆·桑希尔
Liam Fox,Liam,Fox,邓肯·克尔
Gregory  Chambers,Gregory,Chambers,利亚姆·福克斯
Ian Kealey,Ian,Kealey,格雷戈里·钱伯斯
Marcus Kravis,Marcus,Kravis,伊恩·基利
David  Derbyshire,David,Derbyshire,马库斯·克拉维斯
Justin Tomlinson,Justin,Tomlinson,戴维·德比郡
Mark Dempsey,Mark,Dempsey,贾斯廷·汤姆林森
James Faulkner,James,Faulkner,马克·登普西
Poppy Hebden-Leeder,Poppy,Hebden-Leeder,詹姆斯·福克纳
Janet Ellard,Janet,Ellard,波皮·赫本-利德
Roger Gale,Roger,Gale,珍妮特·埃拉德
Piers Wauchope,Piers,Wauchope,罗杰·盖尔
Frances Rehal,Frances,Rehal,皮尔斯·沃科普
Edward Targett,Edward,Targett,弗朗西斯·雷哈尔
George Cunningham,George,Cunningham,爱德华·塔吉特
Cemanthe McKenzie,Cemanthe,McKenzie,乔治·坎宁安
Mary Glindon,Mary,Glindon,塞曼特·麦肯齐
Martin McGann,Martin,McGann,玛丽·格林登
Scott Hartley,Scott,Hartley,马丁·麦甘
John Appleby,John,Appleby,斯科特·哈特利
Martin Collins,Martin,Collins,约翰·阿普尔比
Tim  Wall,Tim,Wall,马丁·柯林斯
Bob Batten,Bob,Batten,蒂姆·沃尔
Craig Tracey,Craig,Tracey,鲍勃·巴滕
Mike O'Brien,Mike,O'Brien,克雷格·特雷西
William Cash,William,Cash,迈克·奥布赖恩
Alan Beddow,Alan,Beddow,威廉·卡什
Ian Bonner,Ian,Bonner,艾伦·贝多
Eileen Hunter,Eileen,Hunter,伊恩·邦纳
Shailesh Vara,Shailesh,Vara,艾琳·亨特
Peter Reeve,Peter,Reeve,沙伊莱什·瓦拉
Nick Thulbourn,Nick,Thulbourn,彼得·里夫
Nick Sandford,Nick,Sandford,尼克·图尔本
Nicola Day,Nicola,Day,尼克·桑福德
Fay Belham,Fay,Belham,尼古拉·戴
Pat Glass,Pat,Glass,费伊·贝尔哈姆
Charlotte Haitham-Taylor,Charlotte,Haitham-Taylor,帕特·格拉斯
Bruce  Reid,Bruce,Reid,夏洛特·海瑟姆-泰勒
Owen Temple,Owen,Temple,布鲁斯·里德
Mark Shilcock,Mark,Shilcock,欧文·坦普尔
Kit Malthouse,Kit,Malthouse,马克·希尔科克
Sue Perkins,Sue,Perkins,基特·马尔特豪斯
Andrew Adams,Andrew,Adams,苏·珀金斯
Alexander Payton,Alexander,Payton,安德鲁·亚当斯
Dan Hill,Dan,Hill,亚历山大·佩顿
Andrew Bridgen,Andrew,Bridgen,丹·希尔
Jamie McMahon,Jamie,McMahon,安德鲁·布里金
Andy McWilliam,Andy,McWilliam,杰米·麦克马洪
Mark Argent,Mark,Argent,安迪·麦克威廉
Benjamin Gravestock,Benjamin,Gravestock,马克·阿根特
Henry Bellingham,Henry,Bellingham,本杰明·格雷夫斯托克
Jo Rust,Jo,Rust,亨利·贝林厄姆
Richard Coke,Richard,Coke,乔·拉斯特
Michael de Whalley,Michael,de Whalley,理查德·科克
Hugh Lanham,Hugh,Lanham,迈克尔·德·沃利
James Gray,James,Gray,休·拉纳姆
Brian Mathew,Brian,Mathew,詹姆斯·格雷
Patricia Bryant,Patricia,Bryant,布赖恩·马修
Peter Baldrey,Peter,Baldrey,帕特里夏·布赖恩特
Phil Chamberlain,Phil,Chamberlain,彼得·鲍德里
Simon Killane,Simon,Killane,菲尔·张伯伦
Giles Wareham,Giles,Wareham,西蒙·基拉内
Michael Ellis,Michael,Ellis,贾尔斯·韦勒姆
Sally Keeble,Sally,Keeble,迈克尔·埃利斯
Tom Rubython,Tom,Rubython,萨莉·基布尔
Tony Clarke,Tony,Clarke,汤姆·鲁比松
Angela Paterson,Angela,Paterson,托尼·克拉克
David Mackintosh,David,Mackintosh,安杰拉·佩特森
Kevin McKeever,Kevin,McKeever,戴维·麦金托什
Rose Gibbins,Rose,Gibbins,凯文·麦基弗
Sadik Chaudhury,Sadik,Chaudhury,罗斯·吉宾斯
Julie Hawkins,Julie,Hawkins,萨迪克·乔杜里
Kevin Willsher,Kevin,Willsher,朱莉·霍金斯
Chloe Smith,Chloe,Smith,凯文·威尔舍
Jess Asato,Jess,Asato,克洛伊·史密斯
Glenn Tingle,Glenn,Tingle,杰斯·阿萨托
Adrian Holmes,Adrian,Holmes,格伦·廷格尔
James Wright,James,Wright,阿德里安·霍姆斯
Mick Hardy,Mick,Hardy,詹姆斯·赖特
Clive  Lewis,Clive,Lewis,米克·哈迪
Lisa Townsend,Lisa,Townsend,克莱夫·刘易斯
Lesley Grahame,Lesley,Grahame,丽莎·汤森
Simon Wright,Simon,Wright,莱斯利·格雷厄姆
Steve Emmens,Steve,Emmens,西蒙·赖特
David Peel,David,Peel,史蒂夫·埃门斯
Cengiz Ceker,Cengiz,Ceker,戴维·皮尔
Christopher Leslie,Christopher,Leslie,森吉兹·切克尔
Garry Hickton,Garry,Hickton,克里斯托弗·莱斯利
Fran Loi,Fran,Loi,加里·希克顿
Antonia Zenkevitch,Antonia,Zenkevitch,弗兰·洛伊
Tad Jones,Tad,Jones,安东尼娅·曾克维奇
Seb Soar,Seb,Soar,塔德·琼斯
James Stephenson,James,Stephenson,塞布·索尔
Graham Allen,Graham,Allen,詹姆斯·斯蒂芬森
Louise Burfitt-Dons,Louise,Burfitt-Dons,格雷厄姆·艾伦
Stephen Crosby,Stephen,Crosby,路易丝·伯菲特-东斯
Kat Boettge,Kat,Boettge,斯蒂芬·克罗斯比
Tony Sutton,Tony,Sutton,卡特·伯特格
Catherine Meadows,Catherine,Meadows,托尼·萨顿
Lilian Greenwood,Lilian,Greenwood,凯瑟琳·梅多斯
Jane Hunt,Jane,Hunt,莉莲·格林伍德
David Hollas,David,Hollas,简·亨特
Adam McGregor,Adam,McGregor,戴维·霍拉斯
Deborah Newton-Cook,Deborah,Newton-Cook,亚当·麦格雷戈
Andrew Clayworth,Andrew,Clayworth,德博拉·牛顿-库克
Marcus Jones,Marcus,Jones,安德鲁·克莱沃思
Vicky Fowler,Vicky,Fowler,马库斯·琼斯
Alwyn Waine,Alwyn,Waine,维姬·福勒
Keith Kondakor,Keith,Kondakor,阿尔温·韦恩
Christina Jebb,Christina,Jebb,基思·孔达科尔
Paul Reilly,Paul,Reilly,克里斯蒂娜·杰布
Stephen Paxton,Stephen,Paxton,保罗·赖利
James Brokenshire,James,Brokenshire,斯蒂芬·帕克斯顿
Ibrahim Mehmet,Ibrahim,Mehmet,詹姆斯·布罗肯希尔
Catherine Reilly,Catherine,Reilly,易卜拉欣·迈赫迈特
Jennifer Keen,Jennifer,Keen,凯瑟琳·赖利
Derek Moran,Derek,Moran,珍妮弗·基恩
Bob Gill,Bob,Gill,德里克·莫兰
Laurence Williams,Laurence,Williams,鲍勃·吉尔
Nicola  Finch,Nicola,Finch,劳伦斯·威廉斯
Debbie Abrahams,Debbie,Abrahams,尼古拉·芬奇
Sajjad Hussain,Sajjad,Hussain,黛比·亚伯拉罕
Peter Klonowski,Peter,Klonowski,萨贾德·侯赛因
Richard Marbrow,Richard,Marbrow,彼得·克洛诺夫斯基
Miranda Meadowcroft,Miranda,Meadowcroft,理查德·马布罗
Michael Meacher,Michael,Meacher,米兰达·梅多克罗夫特
Francis Arbour,Francis,Arbour,迈克尔·米彻
Kamran Ghafoor,Kamran,Ghafoor,弗朗西斯·阿伯
Garth Harkness,Garth,Harkness,卡姆兰·加法尔
Simeon Hart,Simeon,Hart,加思·哈克尼斯
Jo Johnson,Jo,Johnson,西米恩·哈特
Idham Ramadi,Idham,Ramadi,乔·约翰逊
Nigel de Gruchy,Nigel,de Gruchy,伊达姆·拉马迪
Peter Brooks,Peter,Brooks,奈杰尔·德·格鲁希
Tamara Galloway,Tamara,Galloway,彼得·布鲁克斯
Andrew Smith,Andrew,Smith,塔玛拉·加洛韦
Melanie Magee,Melanie,Magee,安德鲁·史密斯
Ann Duncan,Ann,Duncan,梅拉妮·马吉
Alasdair Murray,Alasdair,Murray,安·邓肯
Ian Macdonald,Ian,Macdonald,阿拉斯代尔·默里
Chaka Artwell,Chaka,Artwell,伊恩·麦克唐纳
Mad Hatter,Mad,Hatter,查卡·阿特韦尔
James Morbin,James,Morbin,疯帽子
Kevin Parkin,Kevin,Parkin,詹姆斯·莫宾
Nicola Blackwood,Nicola,Blackwood,凯文·帕金
Layla Moran,Layla,Moran,尼古拉·布莱克伍德
Sally Copley,Sally,Copley,莱拉·莫兰
Alan Harris,Alan,Harris,萨莉·科普利
Larry Sanders,Larry,Sanders,艾伦·哈里斯
Helen Salisbury,Helen,Salisbury,拉里·桑德斯
Mike Foster,Mike,Foster,海伦·索尔兹伯里
Andrew Stephenson,Andrew,Stephenson,迈克·福斯特
Azhar Ali,Azhar,Ali,安德鲁·斯蒂芬森
Mick Waddington,Mick,Waddington,阿兹哈尔·阿里
Graham Roach,Graham,Roach,米克·沃丁顿
Laura Fisk,Laura,Fisk,格雷厄姆·罗奇
Angela Smith,Angela,Smith,劳拉·菲斯克
Steven Jackson,Steven,Jackson,安杰拉·史密斯
Graeme Waddicar,Graeme,Waddicar,史蒂文·杰克逊
Rosalyn Gordon,Rosalyn,Gordon,格雷姆·瓦迪卡
Colin Porter,Colin,Porter,罗莎琳·戈登
Rory Stewart,Rory,Stewart,科林·波特
Lee  Rushworth,Lee,Rushworth,罗里·斯图尔特
John Stanyer,John,Stanyer,李·拉什沃思
Neil Hughes,Neil,Hughes,约翰·斯坦耶
George Burrow,George,Burrow,尼尔·休斯
Stewart Jackson,Stewart,Jackson,乔治·巴罗
Lisa Forbes,Lisa,Forbes,斯图尔特·杰克逊
Mary Herdman,Mary,Herdman,丽莎·福布斯
Darren Fower,Darren,Fower,玛丽·赫德曼
Darren Bisby-Boyd,Darren,Bisby-Boyd,达伦·福尔
Chris Ash,Chris,Ash,达伦·比斯比-博伊德
John Fox,John,Fox,克里斯·阿什
Johnny  Mercer,Johnny,Mercer,约翰·福克斯
Alison Seabeck,Alison,Seabeck,约翰尼·默瑟
Penny Mills,Penny,Mills,艾莉森·西贝克
Stuart Bonar,Stuart,Bonar,彭妮·米尔斯
Benjamin Osborn,Benjamin,Osborn,斯图尔特·博纳
Louise Parker,Louise,Parker,本杰明·奥斯本
Oliver Colvile,Oliver,Colvile,路易丝·帕克
Luke Pollard,Luke,Pollard,奥利弗·科尔维尔
Roy Kettle,Roy,Kettle,卢克·波拉德
Libby Brown,Libby,Brown,罗伊·凯特尔
Graham Reed,Graham,Reed,利比·布朗
Laura-Jane Rossington,Laura-Jane,Rossington,格雷厄姆·里德
Robert Syms,Robert,Syms,劳拉-简·罗辛顿
David Young,David,Young,罗伯特·西姆斯
Helen Rosser,Helen,Rosser,戴维·杨
Philip Eades,Philip,Eades,海伦·罗瑟
Adrian Oliver,Adrian,Oliver,菲利普·伊兹
Mark Howell,Mark,Howell,阿德里安·奥利弗
Ian Northover,Ian,Northover,马克·豪厄尔
Jim Fitzpatrick,Jim,Fitzpatrick,伊恩·诺索弗
Christopher Wilford,Christopher,Wilford,吉姆·菲茨帕特里克
Nicholas McQueen,Nicholas,McQueen,克里斯托弗·威尔福德
Maureen Childs,Maureen,Childs,尼古拉斯·麦奎因
Elaine Bagshaw,Elaine,Bagshaw,莫林·柴尔兹
Hugo Pierre,Hugo,Pierre,伊莱恩·巴格肖
Rene Mugenzi,Rene,Mugenzi,雨果·皮埃尔
Penny Mordaunt,Penny,Mordaunt,勒内·穆根齐
John Ferrett,John,Ferrett,彭妮·莫当特
Mike Fitzgerald,Mike,Fitzgerald,约翰·费雷特
Darren Sanders,Darren,Sanders,迈克·菲茨杰拉德
Gavin Ellis,Gavin,Ellis,达伦·桑德斯
Jon Woods,Jon,Woods,加文·埃利斯
Steven George,Steven,George,乔恩·伍兹
Flick Drummond,Flick,Drummond,史蒂文·乔治
Gerald Vernon-Jackson,Gerald,Vernon-Jackson,弗利克·德拉蒙德
Sue Castillon,Sue,Castillon,杰拉尔德·弗农-杰克逊
Steve Harris,Steve,Harris,苏·卡斯蒂永
Ian McCulloch,Ian,McCulloch,史蒂夫·哈里斯
Mike Hancock,Mike,Hancock,伊恩·麦卡洛克
Sean Hoyle,Sean,Hoyle,迈克·汉考克
Don Jerrard,Don,Jerrard,肖恩·霍伊尔
Mark Hendrick,Mark,Hendrick,唐·杰拉德
Richard Holden,Richard,Holden,马克·亨德里克
James Barker,James,Barker,理查德·霍尔登
Gemma  Christie,Gemma,Christie,詹姆斯·巴克
Jo Barton,Jo,Barton,杰玛·克里斯蒂
Stuart Andrew,Stuart,Andrew,乔·巴顿
Jamie Hanley,Jamie,Hanley,斯图尔特·安德鲁
Roger Tattersall,Roger,Tattersall,杰米·汉利
Ryk Downes,Ryk,Downes,罗杰·塔特索尔
Claire Allen,Claire,Allen,里克·唐斯
Justine Greening,Justine,Greening,克莱尔·艾伦
Sheila Boswell,Sheila,Boswell,贾斯汀·格里宁
Andy Hallett,Andy,Hallett,希拉·博斯韦尔
Christopher Poole,Christopher,Poole,安迪·哈利特
Tricia Ward,Tricia,Ward,克里斯托弗·普尔
Guy Dessoy,Guy,Dessoy,特里西娅·沃德
Mark Francois,Mark,Francois,盖伊·德索伊
John Hayter,John,Hayter,马克·弗朗索瓦
David Hough,David,Hough,约翰·海特
Linda Kendall,Linda,Kendall,戴维·霍夫
Mike Pitt,Mike,Pitt,琳达·肯德尔
Sarah Yapp,Sarah,Yapp,迈克·皮特
Rob Wilson,Rob,Wilson,莎拉·亚普
Matt Rodda,Matt,Rodda,罗布·威尔逊
Jenny Woods,Jenny,Woods,马特·罗达
Christine Forrester,Christine,Forrester,珍妮·伍兹
Rob White,Rob,White,克里斯汀·福里斯特
Alok Sharma,Alok,Sharma,罗布·怀特
Victoria Groulef,Victoria,Groulef,阿洛克·夏尔马
Malik Azam,Malik,Azam,维多利亚·格鲁勒夫
Meri O'Connell,Meri,O'Connell,马利克·阿扎姆
Miriam Kennet,Miriam,Kennet,梅里·奥康奈尔
Suzie Ferguson,Suzie,Ferguson,米里亚姆·肯内特
Neil Adams,Neil,Adams,苏齐·弗格森
Philip West,Philip,West,尼尔·亚当斯
Anna Turley,Anna,Turley,菲利普·韦斯特
Josh Mason,Josh,Mason,安娜·特利
Christopher Gallacher,Christopher,Gallacher,乔希·梅森
Jacob Young,Jacob,Young,克里斯托弗·加拉赫
Peter Pinkney,Peter,Pinkney,雅各布·杨
Philip Lockey,Philip,Lockey,彼得·平克尼
Karen Lumley,Karen,Lumley,菲利普·洛基
Rebecca Blake,Rebecca,Blake,卡伦·拉姆利
Peter Jewell,Peter,Jewell,丽贝卡·布莱克
Hilary Myers,Hilary,Myers,彼得·朱厄尔
Kevin White,Kevin,White,希拉里·迈尔斯
Seth Colton,Seth,Colton,凯文·怀特
Crispin Blunt,Crispin,Blunt,塞思·科尔顿
Joseph Fox,Joseph,Fox,克里斯平·布朗特
Ali Aklakul,Ali,Aklakul,约瑟夫·福克斯
Anna Tarrant,Anna,Tarrant,阿里·阿克拉库尔
Jonathan Essex,Jonathan,Essex,安娜·塔兰特
Nigel Evans,Nigel,Evans,乔纳森·埃塞克斯
David Hinder,David,Hinder,奈杰尔·埃文斯
Shirley Parkinson,Shirley,Parkinson,戴维·欣德
Jackie Pearcey,Jackie,Pearcey,雪莉·帕金森
Graham Sowter,Graham,Sowter,杰基·皮尔斯
David  Brass,David,Brass,格雷厄姆·索特
Grace Astley,Grace,Astley,格雷斯·阿斯特利
Tony Johnson,Tony,Johnson,托尼·约翰逊
Rishi Sunak,Rishi,Sunak,里希·苏纳克
Matthew Cooke,Matthew,Cooke,马修·库克
Mike Hill,Mike,Hill,迈克·希尔
John Harris,John,Harris,约翰·哈里斯
John Blackie,John,Blackie,约翰·布莱基
Leslie Rowe,Leslie,Rowe,莱斯利·罗
Robin Scott,Robin,Scott,罗宾·斯科特
Zac Goldsmith,Zac,Goldsmith,扎克·戈德史密斯
Robin Meltzer,Robin,Meltzer,罗宾·梅尔策
Sachin Patel,Sachin,Patel,萨钦·帕特尔
Andree Frieze,Andree,Frieze,安德烈·弗里兹
Sam Naz,Sam,Naz,萨姆·纳兹
Simon Danczuk,Simon,Danczuk,西蒙·丹丘克
Mohammed Masud,Mohammed,Masud,穆罕默德·马苏德
Azi Ahmed,Azi,Ahmed,阿齐·艾哈迈德
Andy Kelly,Andy,Kelly,安迪·凯利
Farooq Ahmed,Farooq,Ahmed,法鲁克·艾哈迈德
Mark Hollinrake,Mark,Hollinrake,马克·霍林雷克
Kevin Bryan,Kevin,Bryan,凯文·布赖恩
Mohammed Salim,Mohammed,Salim,穆罕默德·萨利姆
Kelly Tolhurst,Kelly,Tolhurst,凯利·托尔赫斯特
Mark Reckless,Mark,Reckless,马克·雷克勒斯
Naushabah Khan,Naushabah,Khan,瑙沙巴·汗
Clive Gregory,Clive,Gregory,克莱夫·格雷戈里
Prue Bray,Prue,Bray,普鲁·布雷
Daniel Burn,Daniel,Burn,丹尼尔·伯恩
James Duddridge,James,Duddridge,詹姆斯·达德里奇
Ian Gilbert,Ian,Gilbert,伊恩·吉尔伯特
Floyd Waterworth,Floyd,Waterworth,弗洛伊德·沃特沃思
Simon Cross,Simon,Cross,西蒙·克罗斯
Peter Gwizdala,Peter,Gwizdala,彼得·格维兹加拉
Andrew Rosindell,Andrew,Rosindell,安德鲁·罗辛德尔
Gerard Batten,Gerard,Batten,杰勒德·巴滕
Samuel Gould,Samuel,Gould,塞缪尔·古尔德
Ian Sanderson,Ian,Sanderson,伊恩·桑德森
Lorna Tooley,Lorna,Tooley,洛娜·图利
Caroline Nokes,Caroline,Nokes,卡罗琳·诺克斯
Ben Nicholls,Ben,Nicholls,本·尼科尔斯
Darren Paffey,Darren,Paffey,达伦·帕菲
Sandra James,Sandra,James,桑德拉·詹姆斯
Ian Callaghan,Ian,Callaghan,伊恩·卡拉汉
Jake Berry,Jake,Berry,杰克·贝里
Will Straw,Will,Straw,威尔·斯特劳
Clive Balchin,Clive,Balchin,克莱夫·巴尔钦
Karen Pollard-Rylance,Karen,Pollard-Rylance,卡伦·波拉德-瑞兰斯
Afzal Anwar,Afzal,Anwar,阿夫扎尔·安瓦尔
Kevin Scranage,Kevin,Scranage,凯文·斯克雷纳奇
Simon Thomas,Simon,Thomas,西蒙·托马斯
Shaun Hargreaves,Shaun,Hargreaves,肖恩·哈格里夫斯
Kevin Barron,Kevin,Barron,凯文·巴伦
Allen Cowles,Allen,Cowles,艾伦·考尔斯
Gareth Streeter,Gareth,Streeter,加雷思·斯特里特
Robert Teal,Robert,Teal,罗伯特·蒂尔
Sharon Pilling,Sharon,Pilling,莎伦·皮林
Sarah Champion,Sarah,Champion,莎拉·钱皮恩
Jane Collins,Jane,Collins,简·柯林斯
Sebastian Lowe,Sebastian,Lowe,塞巴斯蒂安·洛
Janice Middleton,Janice,Middleton,贾尼丝·米德尔顿
Pat McLaughlin,Pat,McLaughlin,帕特·麦克劳克林
Adam Walker,Adam,Walker,亚当·沃克
Dean Walker,Dean,Walker,迪安·沃克
Mark Pawsey,Mark,Pawsey,马克·波西
Claire Edwards,Claire,Edwards,克莱尔·爱德华兹
Gordon Davies,Gordon,Davies,戈登·戴维斯
Ed Goncalves,Ed,Goncalves,埃德·贡萨尔维斯
Terence White,Terence,White,特伦斯·怀特
Pete McLaren,Pete,McLaren,皮特·麦克拉伦
Nick Hurd,Nick,Hurd,尼克·赫德
Michael Borio,Michael,Borio,迈克尔·博里奥
Gerard Barry,Gerard,Barry,杰勒德·巴里
Joshua Dixon,Joshua,Dixon,乔舒亚·迪克森
Karen Pillai,Karen,Pillai,卡伦·皮莱
Wally Kennedy,Wally,Kennedy,沃利·肯尼迪
Sockalingam Yogalingam,Sockalingam,Yogalingam,索卡林甘·约加林甘
Philip Hammond,Philip,Hammond,菲利普·哈蒙德
Arran Neathey,Arran,Neathey,阿伦·尼西
Joe Branco,Joe,Branco,乔·布兰科
John Vincent,John,Vincent,约翰·文森特
Rustam Majainah,Rustam,Majainah,鲁斯塔姆·马贾纳
Kenneth Clarke,Kenneth,Clarke,肯尼思·克拉克
David Mellen,David,Mellen,戴维·梅伦
Matthew Faithfull,Matthew,Faithfull,马修·费思富尔
George Mallender,George,Mallender,乔治·马伦德
Bob Johnston,Bob,Johnston,鲍勃·约翰斯顿
Alan Duncan,Alan,Duncan,艾伦·邓肯
Richard Billington,Richard,Billington,理查德·比林顿
James Moore,James,Moore,詹姆斯·摩尔
Ed Reynolds,Ed,Reynolds,埃德·雷诺兹
Alastair McQuillan,Alastair,McQuillan,阿拉斯泰尔·麦奎兰
Marilyn Gordon,Marilyn,Gordon,玛里琳·戈登
Alan Haselhurst,Alan,Haselhurst,艾伦·哈塞尔赫斯特
Peter Day,Peter,Day,彼得·戴
Jane Berney,Jane,Berney,简·伯尼
Mike Hibbs,Mike,Hibbs,迈克·希布斯
Karmel Stannard,Karmel,Stannard,卡梅尔·斯坦纳德
Heather  Asker,Heather,Asker,希瑟·阿斯克
Rebecca Long-Bailey,Rebecca,Long-Bailey,丽贝卡·朗-贝利
Greg Downes,Greg,Downes,格雷格·唐斯
Paul Doyle,Paul,Doyle,保罗·多伊尔
Emma Van Dyke,Emma,Van Dyke,埃玛·范戴克
Charlie Briggs,Charlie,Briggs,查理·布里格斯
Bez Berry,Bez,Berry,贝兹·贝里
Noreen Bailey,Noreen,Bailey,诺琳·贝利
Sam Clark,Sam,Clark,萨姆·克拉克
John Glen,John,Glen,约翰·格伦
Tom Corbin,Tom,Corbin,汤姆·科尔宾
Paul Martin,Paul,Martin,保罗·马丁
Reeten Banerji,Reeten,Banerji,里滕·巴纳吉
Alison Craig,Alison,Craig,艾莉森·克雷格
Arthur Pendragon,Arthur,Pendragon,亚瑟·彭德拉贡
Robert Goodwill,Robert,Goodwill,罗伯特·古德威尔
Ian  McInnes,Ian,McInnes,伊恩·麦金尼斯
Samuel Cross,Samuel,Cross,塞缪尔·克罗斯
David Malone,David,Malone,戴维·马隆
Michael Beckett,Michael,Beckett,迈克尔·贝克特
Juliet Boddington,Juliet,Boddington,朱丽叶·博丁顿
Nic Dakin,Nic,Dakin,尼克·达金
Jo Gideon,Jo,Gideon,乔·吉迪恩
Stephen Howd,Stephen,Howd,斯蒂芬·豪德
Des Comerford,Des,Comerford,德斯·科默福德
Martin Dwyer,Martin,Dwyer,马丁·德怀尔
Simon Dodd,Simon,Dodd,西蒙·多德
Paul Elsom,Paul,Elsom,保罗·埃尔索姆
Phil Wilson,Phil,Wilson,菲尔·威尔逊
Scott Wood,Scott,Wood,斯科特·伍德
John Leathley,John,Leathley,约翰·利斯利
Stephen Glenn,Stephen,Glenn,斯蒂芬·格伦
Greg  Robinson,Greg,Robinson,格雷格·罗宾逊
Bill Esterson,Bill,Esterson,比尔·埃斯特森
Valerie Allen,Valerie,Allen,瓦莱丽·艾伦
Tim Power,Tim,Power,蒂姆·鲍尔
Paula Keaveney,Paula,Keaveney,保拉·基夫尼
Lindsay Melia,Lindsay,Melia,林赛·梅利亚
Nigel Adams,Nigel,Adams,奈杰尔·亚当斯
Mark Hayes,Mark,Hayes,马克·海斯
Colin Heath,Colin,Heath,科林·希思
Nicola Turner,Nicola,Turner,尼古拉·特纳
Ian Richards,Ian,Richards,伊恩·理查兹
Ian Wilson,Ian,Wilson,伊恩·威尔逊
Michael Fallon,Michael,Fallon,迈克尔·法伦
Steve Lindsay,Steve,Lindsay,史蒂夫·林赛
Christopher Clark,Christopher,Clark,克里斯托弗·克拉克
Alan Bullion,Alan,Bullion,艾伦·布利翁
Amelie Boleyn,Amelie,Boleyn,阿梅莉·博林
Paul Blomfield,Paul,Blomfield,保罗·布隆菲尔德
Jillian Creasy,Jillian,Creasy,吉莉安·克里西
Stephanie Roe,Stephanie,Roe,斯蒂芬妮·罗
Joe Otten,Joe,Otten,乔·奥滕
Dominic Cook,Dominic,Cook,多米尼克·库克
Steve Andrew,Steve,Andrew,史蒂夫·安德鲁
Andy Halsall,Andy,Halsall,安迪·哈尔索尔
Elizabeth Breed,Elizabeth,Breed,伊丽莎白·布里德
Thom Brown,Thom,Brown,汤姆·布朗
Michael Driver,Michael,Driver,迈克尔·德赖弗
Clive Betts,Clive,Betts,克莱夫·贝茨
Steven Winstone,Steven,Winstone,史蒂文·温斯顿
Matt Sleat,Matt,Sleat,马特·斯利特
Gail Smith,Gail,Smith,盖尔·史密斯
Linda Duckenfield,Linda,Duckenfield,琳达·达肯菲尔德
Jen Battersby,Jen,Battersby,珍·巴特斯比
Ian Whitehouse,Ian,Whitehouse,伊恩·怀特豪斯
Matthew Roberts,Matthew,Roberts,马修·罗伯茨
Harry Harpham,Harry,Harpham,哈里·哈珀姆
John Booker,John,Booker,约翰·布克
Elise Dunweber,Elise,Dunweber,埃莉斯·邓韦伯
Jonathan Harston,Jonathan,Harston,乔纳森·哈斯顿
Christine Gilligan Kubo,Christine,Gilligan Kubo,克里斯汀·吉利根·库博
Maxine Bowler,Maxine,Bowler,玛克辛·鲍勒
Justin Saxton,Justin,Saxton,贾斯廷·萨克斯顿
Nick Clegg,Nick,Clegg,尼克·克莱格
Oliver Coppard,Oliver,Coppard,奥利弗·科帕德
Ian Walker,Ian,Walker,伊恩·沃克
Joe Jenkins,Joe,Jenkins,乔·詹金斯
Peter Garbutt,Peter,Garbutt,彼得·加巴特
Carlton Reeve,Carlton,Reeve,卡尔顿·里夫
Steven Clegg,Steven,Clegg,史蒂文·克莱格
Jim Stop the fiasco Wild,Jim,Stop the fiasco Wild,吉姆·制止惨败
Louise Haigh,Louise,Haigh,怀尔德·路易丝·海格
Howard Denby,Howard,Denby,霍华德·登比
Stephen Castens,Stephen,Castens,斯蒂芬·卡斯滕斯
Simon Clement-Jones,Simon,Clement-Jones,西蒙·克莱门特-琼斯
Rita Wilcock,Rita,Wilcock,丽塔·威尔科克
Alan Munro,Alan,Munro,艾伦·芒罗
David Haslett,David,Haslett,戴维·哈斯利特
Mark Spencer,Mark,Spencer,马克·斯潘塞
Leonie Mathers,Leonie,Mathers,利奥妮·马瑟斯
Sally Chadd,Sally,Chadd,萨莉·查德
Lydia Davies-Bright,Lydia,Davies-Bright,莉迪亚·戴维斯-布莱特
Daniel Mosley,Daniel,Mosley,丹尼尔·莫斯利
Dave Perkins,Dave,Perkins,戴夫·珀金斯
Philip Davies,Philip,Davies,菲利普·戴维斯
Steve Clapcote,Steve,Clapcote,史蒂夫·克拉普科特
Waqas Khan,Waqas,Khan,瓦卡斯·汗
Kevin Warnes,Kevin,Warnes,凯文·沃恩斯
Andrew Martin,Andrew,Martin,安德鲁·马丁
Darren Hill,Darren,Hill,达伦·希尔
Daniel Kawczynski,Daniel,Kawczynski,丹尼尔·卡钦斯基
Laura Davies,Laura,Davies,劳拉·戴维斯
Suzanne Evans,Suzanne,Evans,苏珊娜·埃文斯
Christine  Tinker,Christine,Tinker,克里斯汀·廷克
Emma Bullard,Emma,Bullard,埃玛·布拉德
Stirling  McNeillie,Stirling,McNeillie,斯特林·麦克尼尔
Gordon Henderson,Gordon,Henderson,戈登·亨德森
Richard Palmer,Richard,Palmer,理查德·帕尔默
Guy Nicholson,Guy,Nicholson,盖伊·尼科尔森
Keith Nevols,Keith,Nevols,基思·内沃尔斯
Gary Miller,Gary,Miller,加里·米勒
Mad Mike Young,Mad Mike,Young,疯狂的迈克·杨
Julian Smith,Julian,Smith,朱利安·史密斯
Malcolm Birks,Malcolm,Birks,马尔科姆·伯克斯
Alan Henderson,Alan,Henderson,艾伦·亨德森
Jacquie Bell,Jacquie,Bell,杰基·贝尔
Andy Brown,Andy,Brown,安迪·布朗
Stephen Phillips,Stephen,Phillips,斯蒂芬·菲利普斯
Jason Pandya-Wood,Jason,Pandya-Wood,贾森·潘迪亚-伍德
Steven Hopkins,Steven,Hopkins,史蒂文·霍普金斯
Matthew Holden,Matthew,Holden,马修·霍尔登
Marianne Overton,Marianne,Overton,玛丽安·奥弗顿
Fiona Mactaggart,Fiona,Mactaggart,菲奥娜·麦克塔格特
Gurcharan Singh,Gurcharan,Singh,古尔尚·辛格
Diana Coad,Diana,Coad,戴安娜·科德
Thomas McCann,Thomas,McCann,托马斯·麦卡恩
Julian Edmonds,Julian,Edmonds,朱利安·埃德蒙兹
Julian Knight,Julian,Knight,朱利安·奈特
Lorely Burt,Lorely,Burt,洛雷利·伯特
Philip Henrick,Philip,Henrick,菲利普·亨里克
Nigel Knowles,Nigel,Knowles,奈杰尔·诺尔斯
Howard Allen,Howard,Allen,霍华德·艾伦
Mike Nattrass,Mike,Nattrass,迈克·纳特拉斯
Matthew Ward,Matthew,Ward,马修·沃德
David Warburton,David,Warburton,戴维·沃伯顿
David Rendel,David,Rendel,戴维·伦德尔
Alan Dimmick,Alan,Dimmick,艾伦·迪米克
Theo Simon,Theo,Simon,西奥·西蒙
David Oakensen,David,Oakensen,戴维·奥肯森
Ian Angell,Ian,Angell,伊恩·安杰尔
Stephen Metcalfe,Stephen,Metcalfe,斯蒂芬·梅特卡夫
Ian Luder,Ian,Luder,伊恩·卢德
Mike Le-Surf,Mike,Le-Surf,迈克·勒瑟夫
Geoff Williams,Geoff,Williams,杰夫·威廉斯
Kerry Smith,Kerry,Smith,克里·史密斯
None Of The Above X,None Of The Above,X,以上都不是·艾克斯
Stuart Hooper,Stuart,Hooper,斯图尔特·胡珀
Heidi Allen,Heidi,Allen,海蒂·艾伦
Dan Greef,Dan,Greef,丹·格里夫
Sebastian Kindersley,Sebastian,Kindersley,塞巴斯蒂安·金德斯利
Marion Mason,Marion,Mason,马里恩·梅森
Simon Saggers,Simon,Saggers,西蒙·萨格斯
Heather Wheeler,Heather,Wheeler,希瑟·惠勒
Cheryl Pidgeon,Cheryl,Pidgeon,谢丽尔·皮金
Alan Graves,Alan,Graves,艾伦·格雷夫斯
Lorraine Johnson,Lorraine,Johnson,洛兰·约翰逊
Marianne Bamkin,Marianne,Bamkin,玛丽安·班金
Richard Drax,Richard,Drax,理查德·德拉克斯
Simon Bowkett,Simon,Bowkett,西蒙·鲍基特
Malcolm Shakesby,Malcolm,Shakesby,马尔科姆·沙克斯比
Howard Legg,Howard,Legg,霍华德·莱格
Jane Burnet,Jane,Burnet,简·伯内特
Mervyn Stewkesbury,Mervyn,Stewkesbury,默文·斯图克斯伯里
Andy Kirkwood,Andy,Kirkwood,安迪·柯克伍德
Lucy Frazer,Lucy,Frazer,露西·弗雷泽
Jonathan  Chatfield,Jonathan,Chatfield,乔纳森·查特菲尔德
Huw Jones,Huw,Jones,休·琼斯
Deborah Rennie,Deborah,Rennie,黛博拉·伦尼
Clive Semmens,Clive,Semmens,克莱夫·塞门斯
Sheryll Murray,Sheryll,Murray,谢里尔·默里
Phil  Hutty,Phil,Hutty,菲尔·哈蒂
Bradley Monk,Bradley,Monk,布拉德利·蒙克
Declan Lloyd,Declan,Lloyd,迪克兰·劳埃德
Martin Corney,Martin,Corney,马丁·科尼
Andrew Long,Andrew,Long,安德鲁·朗
George Trubody,George,Trubody,乔治·特鲁博迪
John Hayes,John,Hayes,约翰·海斯
David Parsons,David,Parsons,戴维·帕森斯
Matthew Mahabadi,Matthew,Mahabadi,马修·马哈巴迪
Dan Wilshire,Dan,Wilshire,丹·威尔希尔
Jiri Smid,Jiri,Smid,吉日·史密德
Alberto Costa,Alberto,Costa,阿尔贝托·科斯塔
Amanda Hack,Amanda,Hack,阿曼达·哈克
Barry Mahoney,Barry,Mahoney,巴里·马奥尼
Geoffrey Welsh,Geoffrey,Welsh,杰弗里·韦尔什
Richard Bacon,Richard,Bacon,理查德·培根
Deborah Sacks,Deborah,Sacks,黛博拉·萨克斯
Barry Cameron,Barry,Cameron,巴里·卡梅伦
Jacqueline Howe,Jacqueline,Howe,杰奎琳·豪
Catherine Rowett,Catherine,Rowett,凯瑟琳·罗厄特
Andrea Leadsom,Andrea,Leadsom,安德烈娅·利德索姆
Lucy  Mills,Lucy,Mills,露西·米尔斯
Roger Clark,Roger,Clark,罗杰·克拉克
Tom Snowdon,Tom,Snowdon,汤姆·斯诺登
Damon Boughen,Damon,Boughen,戴蒙·博恩
Seema Kennedy,Seema,Kennedy,西玛·肯尼迪
Veronica Bennett,Veronica,Bennett,维罗妮卡·贝内特
David Gallagher,David,Gallagher,戴维·加拉格尔
Sue McGuire,Sue,McGuire,苏·麦圭尔
Emma Lewell-Buck,Emma,Lewell-Buck,埃玛·卢埃尔-巴克
Norman Dennis,Norman,Dennis,诺曼·丹尼斯
Robert Oliver,Robert,Oliver,罗伯特·奥利弗
Shirley Ford,Shirley,Ford,雪莉·福特
Lisa Nightingale,Lisa,Nightingale,丽莎·奈廷格尔
Gita Gordon,Gita,Gordon,吉塔·戈登
Gavin Williamson,Gavin,Williamson,加文·威廉森
Kevin McElduff,Kevin,McElduff,凯文·麦克尔达夫
Lyndon Jones,Lyndon,Jones,林登·琼斯
Robert Woodthorpe Browne,Robert,Woodthorpe Browne,罗伯特·伍德索普·布朗
Claire McIlvenna,Claire,McIlvenna,克莱尔·麦克尔文纳
James Cartlidge,James,Cartlidge,詹姆斯·卡特利奇
Jane Basham,Jane,Basham,简·巴山
Steven Whalley,Steven,Whalley,史蒂文·惠利
Grace Weaver,Grace,Weaver,格雷斯·韦弗
Robert Lindsay,Robert,Lindsay,罗伯特·林赛
Stephen Todd,Stephen,Todd,斯蒂芬·托德
Robert Buckland,Robert,Buckland,罗伯特·巴克兰
Anne Snelgrove,Anne,Snelgrove,安妮·斯内尔格罗夫
John Short,John,Short,约翰·肖特
Damon Hooton,Damon,Hooton,戴蒙·胡顿
Talis Kimberley-Fairbourn,Talis,Kimberley-Fairbourn,塔利斯·金伯利-费尔伯恩
Craig Mackinlay,Craig,Mackinlay,克雷格·麦金莱
Nigel Farage,Nigel,Farage,奈杰尔·法拉奇
Will Scobie,Will,Scobie,威尔·斯科比
Ian Driver,Ian,Driver,伊恩·德赖弗
Russell Timpson,Russell,Timpson,拉塞尔·廷普森
Al Murray,Al,Murray,阿尔·默里
Ruth Bailey,Ruth,Bailey,鲁思·贝利
Nigel Askew,Nigel,Askew,奈杰尔·阿斯丘
Grahame Birchall,Grahame,Birchall,格雷厄姆·伯切尔
Dean McCastree,Dean,McCastree,迪安·麦卡斯楚
Zebadiah Abu-Obadiah,Zebadiah,Abu-Obadiah,泽巴迪亚·阿布-奥巴迪亚
Andrew Selous,Andrew,Selous,安德鲁·塞卢斯
Daniel Scott,Daniel,Scott,丹尼尔·斯科特
John Van Weenen,John,Van Weenen,约翰·范·维嫩
Stephen Rutherford,Stephen,Rutherford,斯蒂芬·卢瑟福
Emily Lawrence,Emily,Lawrence,艾米莉·劳伦斯
Gary Streeter,Gary,Streeter,加里·斯特里特
Chaz Singh,Chaz,Singh,查兹·辛格
Robin Julian,Robin,Julian,罗宾·朱利安
Tom Davies,Tom,Davies,汤姆·戴维斯
Win Scutt,Win,Scutt,温·斯卡特
David Gauke,David,Gauke,戴维·高克
Simon Diggins,Simon,Diggins,西蒙·迪金斯
Mark Anderson,Mark,Anderson,马克·安德森
Nigel Quinton,Nigel,Quinton,奈杰尔·昆顿
Charlotte Pardy,Charlotte,Pardy,夏洛特·帕迪
Graham Cartmell,Graham,Cartmell,格雷厄姆·卡特梅尔
Elizabeth Truss,Elizabeth,Truss,伊丽莎白·特拉斯
Paul Smyth,Paul,Smyth,保罗·史密斯
Peter Smith,Peter,Smith,彼得·史密斯
Rupert Moss-Eccardt,Rupert,Moss-Eccardt,鲁珀特·莫斯-埃卡德
Sandra Walmsley,Sandra,Walmsley,桑德拉·沃姆斯利
Jeremy Hunt,Jeremy,Hunt,杰里米·亨特
Mark Webber,Mark,Webber,马克·韦伯
Howard Kaye,Howard,Kaye,霍华德·凯
Louise Irvine,Louise,Irvine,路易丝·欧文
Patrick Haveron,Patrick,Haveron,帕特里克·哈弗龙
Susan Ryland,Susan,Ryland,苏珊·赖兰
Paul Robinson,Paul,Robinson,保罗·罗宾逊
Andrew Murrison,Andrew,Murrison,安德鲁·默里森
Matthew Brown,Matthew,Brown,马修·布朗
George Aylett,George,Aylett,乔治·艾利特
Trevor Carbin,Trevor,Carbin,特雷弗·卡宾
Phil Randle,Phil,Randle,菲尔·兰德尔
Royston Smith,Royston,Smith,罗伊斯顿·史密斯
Rowenna Davis,Rowenna,Davis,罗文娜·戴维斯
Kim Rose,Kim,Rose,金·罗斯
John Spottiswoode,John,Spottiswoode,约翰·斯波蒂斯伍德
Eleanor Bell,Eleanor,Bell,埃莉诺·贝尔
Sue Atkins,Sue,Atkins,苏·阿特金斯
Alan Whitehead,Alan,Whitehead,艾伦·怀特海德
Jeremy Moulton,Jeremy,Moulton,杰里米·莫尔顿
Pearline Hingston,Pearline,Hingston,珀琳·欣斯顿
Angela Mawle,Angela,Mawle,安杰拉·莫尔
Adrian Ford,Adrian,Ford,阿德里安·福特
Chris Davis,Chris,Davis,克里斯·戴维斯
Nick Chaffey,Nick,Chaffey,尼克·查菲
David Amess,David,Amess,戴维·埃姆斯
Julian Ware-Lane,Julian,Ware-Lane,朱利安·韦尔-莱恩
Brian Otridge,Brian,Otridge,布赖恩·奥特里奇
Paul Collins,Paul,Collins,保罗·柯林斯
Jonathan Fuller,Jonathan,Fuller,乔纳森·富勒
Jeremy Moss,Jeremy,Moss,杰里米·莫斯
John Pugh,John,Pugh,约翰·皮尤
Damien Moore,Damien,Moore,达米恩·摩尔
Liz Savage,Liz,Savage,利兹·萨维奇
Terry Durrance,Terry,Durrance,特里·杜兰斯
Laurence Rankin,Laurence,Rankin,劳伦斯·兰金
Jacqueline Barlow,Jacqueline,Barlow,杰奎琳·巴洛
Kwasi Kwarteng,Kwasi,Kwarteng,夸西·克瓦滕
Redvers Cunningham,Redvers,Cunningham,雷德弗斯·坎宁安
Rebecca Geach,Rebecca,Geach,丽贝卡·吉奇
Rosie Shimell,Rosie,Shimell,罗西·希梅尔
Paul Jacobs,Paul,Jacobs,保罗·雅各布斯
Juliet  Griffith,Juliet,Griffith,朱丽叶·格里菲思
Paul Couchman,Paul,Couchman,保罗·考奇曼
Anne Main,Anne,Main,安妮·梅因
Kerry Pollard,Kerry,Pollard,克里·波拉德
Sandy Walkington,Sandy,Walkington,桑迪·沃尔金顿
Chris Wright,Chris,Wright,克里斯·赖特
Jack Easton,Jack,Easton,杰克·伊斯顿
Steve Double,Steve,Double,史蒂夫·道布尔
Stephen Gilbert,Stephen,Gilbert,斯蒂芬·吉尔伯特
David Mathews,David,Mathews,戴维·马修斯
Deborah Hopkins,Deborah,Hopkins,黛博拉·霍普金斯
Steve Slade,Steve,Slade,史蒂夫·斯莱德
Dick Cole,Dick,Cole,迪克·科尔
Conor McGinn,Conor,McGinn,科诺尔·麦金
Paul Richardson,Paul,Richardson,保罗·理查森
Ian Smith,Ian,Smith,伊恩·史密斯
Denise Aspinall,Denise,Aspinall,丹尼斯·阿斯皮纳尔
Elizabeth Ward,Elizabeth,Ward,伊丽莎白·沃德
Marie Rimmer,Marie,Rimmer,玛丽·里默
Gillian Keegan,Gillian,Keegan,吉莉安·基根
John Beirne,John,Beirne,约翰·贝尔尼
Brian Spencer,Brian,Spencer,布赖恩·斯潘塞
James Chan,James,Chan,詹姆斯·陈
Derek Thomas,Derek,Thomas,德里克·托马斯
Andrew George,Andrew,George,安德鲁·乔治
Graham Calderwood,Graham,Calderwood,格雷厄姆·考尔德伍德
Cornelius Olivier,Cornelius,Olivier,科尼利厄斯·奥利维尔
Tim Andrewes,Tim,Andrewes,蒂姆·安德鲁斯
Rob Simmons,Rob,Simmons,罗布·西蒙斯
Jeremy Lefroy,Jeremy,Lefroy,杰里米·勒夫罗伊
Kate  Godfrey,Kate,Godfrey,凯特·戈弗雷
Edward Whitfield,Edward,Whitfield,爱德华·惠特菲尔德
Karen Howell,Karen,Howell,卡伦·豪厄尔
Mike Shone,Mike,Shone,迈克·肖恩
Keith Miller,Keith,Miller,基思·米勒
Karen Bradley,Karen,Bradley,卡伦·布拉德利
Trudie McGuinness,Trudie,McGuinness,特鲁迪·麦吉尼斯
George Langley-Poole,George,Langley-Poole,乔治·兰利-普尔
John Redfern,John,Redfern,约翰·雷德芬
Brian Smith,Brian,Smith,布赖恩·史密斯
Jonathan Reynolds,Jonathan,Reynolds,乔纳森·雷诺兹
Martin Riley,Martin,Riley,马丁·赖利
Angela McManus,Angela,McManus,安杰拉·麦克马纳斯
Jenny Ross,Jenny,Ross,珍妮·罗斯
Peter Flynn,Peter,Flynn,彼得·弗林
Stephen McPartland,Stephen,McPartland,斯蒂芬·麦帕特兰
Sharon Taylor,Sharon,Taylor,莎伦·泰勒
David Collins,David,Collins,戴维·柯林斯
Susan Van De Ven,Susan,Van De Ven,苏珊·范·德文
Graham White,Graham,White,格雷厄姆·怀特
Trevor Palmer,Trevor,Palmer,特雷弗·帕尔默
Charles Vickers,Charles,Vickers,查尔斯·维克斯
David Cox,David,Cox,戴维·考克斯
Ann Coffey,Ann,Coffey,安·科菲
Daniel Hamilton,Daniel,Hamilton,丹尼尔·汉密尔顿
Steven Woolfe,Steven,Woolfe,史蒂文·伍尔夫
Daniel Hawthorne,Daniel,Hawthorne,丹尼尔·霍索恩
Gary Lawson,Gary,Lawson,加里·劳森
John  Pearson,John,Pearson,约翰·皮尔逊
Alex Cunningham,Alex,Cunningham,亚历克斯·坎宁安
Christopher Daniels,Christopher,Daniels,克里斯托弗·丹尼尔斯
Mandy Boylett,Mandy,Boylett,曼迪·博伊莱特
Anthony  Sycamore,Anthony,Sycamore,安东尼·西卡莫尔
John Tait,John,Tait,约翰·泰特
James Wharton,James,Wharton,詹姆斯·惠顿
Louise Baldock,Louise,Baldock,路易丝·鲍多克
Ted Strike,Ted,Strike,特德·斯特赖克
Drew Durning,Drew,Durning,德鲁·德宁
Jacqui Lovell,Jacqui,Lovell,杰奎·洛夫尔
Steve Walmsley,Steve,Walmsley,史蒂夫·沃姆斯利
Tristram Hunt,Tristram,Hunt,特里斯特拉姆·亨特
Mick Harold,Mick,Harold,米克·哈罗德
Liam Ascough,Liam,Ascough,利亚姆·阿斯科
Mark Breeze,Mark,Breeze,马克·布里兹
Zulfiqar Ali,Zulfiqar,Ali,祖尔菲卡尔·阿里
Jan Zablocki,Jan,Zablocki,扬·扎布洛茨基
Ali Majid,Ali,Majid,阿里·马吉德
Paul Toussaint,Paul,Toussaint,保罗·图森
Ruth Smeeth,Ruth,Smeeth,鲁思·史密斯
Ben Adams,Ben,Adams,本·亚当斯
Geoffrey Locke,Geoffrey,Locke,杰弗里·洛克
Paul  Roberts,Paul,Roberts,保罗·罗伯茨
Sean Adam,Sean,Adam,肖恩·亚当
John Millward,John,Millward,约翰·米尔沃德
Craig Pond,Craig,Pond,克雷格·庞德
Rob Flello,Rob,Flello,罗布·弗莱洛
Joe Rich,Joe,Rich,乔·里奇
Tariq Mahmood,Tariq,Mahmood,塔里克·马哈茂德
Peter Andras,Peter,Andras,彼得·安德拉斯
Luke Bellamy,Luke,Bellamy,卢克·贝拉米
Matt Wright,Matt,Wright,马特·赖特
Bill Cash,Bill,Cash,比尔·卡什
Sam Hale,Sam,Hale,山姆·黑尔
Andrew Illsley,Andrew,Illsley,安德鲁·伊尔斯利
Martin Lewis,Martin,Lewis,马丁·刘易斯
Wenslie Naylon,Wenslie,Naylon,文斯利·奈隆
John Coutouvidis,John,Coutouvidis,约翰·库图维迪斯
Margot James,Margot,James,玛格特·詹姆斯
Pete Lowe,Pete,Lowe,皮特·洛
James Carver,James,Carver,詹姆斯·卡弗
Christopher Bramall,Christopher,Bramall,克里斯托弗·布拉马尔
Christian Kiever,Christian,Kiever,克里斯蒂安·基弗
Nadhim Zahawi,Nadhim,Zahawi,纳迪姆·扎哈维
Edward Fila,Edward,Fila,爱德华·菲拉
Jeff Kenner,Jeff,Kenner,杰夫·肯纳
Elizabeth Adams,Elizabeth,Adams,伊丽莎白·亚当斯
Dominic Giles,Dominic,Giles,多米尼克·贾尔斯
Chuka Umunna,Chuka,Umunna,丘卡·乌穆纳
Kim Caddy,Kim,Caddy,金·卡迪
Amna Ahmad,Amna,Ahmad,阿姆纳·艾哈迈德
Jonathan Bartley,Jonathan,Bartley,乔纳森·巴特利
Bruce Machan,Bruce,Machan,布鲁斯·马钱
Artificial Beast,Artificial,Beast,人工智能野兽
Unjum  Mirza,Unjum,Mirza,翁朱姆·米尔扎
Deon Gayle,Deon,Gayle,德翁·盖尔
Kate Green,Kate,Green,凯特·格林
Lisa Cooke,Lisa,Cooke,丽莎·库克
Kalvin Chapman,Kalvin,Chapman,卡尔文·查普曼
Geraldine Coggins,Geraldine,Coggins,杰拉尔丁·科金斯
Catherine Ankers,Catherine,Ankers,凯瑟琳·安克斯
Paul Bradley-Law,Paul,Bradley-Law,保罗·布拉德利-劳
Paul Carson,Paul,Carson,保罗·卡森
Neil Carmichael,Neil,Carmichael,尼尔·卡迈克尔
David Drew,David,Drew,戴维·德鲁
Caroline Stephens,Caroline,Stephens,卡罗琳·斯蒂芬斯
Sarah Lunnon,Sarah,Lunnon,莎拉·伦农
Adrian Walker-Smith,Adrian,Walker-Smith,阿德里安·沃克-史密斯
Rich Wilson,Rich,Wilson,里奇·威尔逊
David Michael,David,Michael,戴维·迈克尔
Therese Coffey,Therese,Coffey,特蕾丝·科菲
Russell Whiting,Russell,Whiting,罗素·怀廷
Daryll Pitcher,Daryll,Pitcher,达里尔·皮彻
James Sandbach,James,Sandbach,詹姆斯·桑德巴赫
Rachel Smith-Lyte,Rachel,Smith-Lyte,雷切尔·史密斯-莱特
Julie Elliott,Julie,Elliott,朱莉·埃利奥特
Jeffrey Townsend,Jeffrey,Townsend,杰弗里·汤森
Bryan Foster,Bryan,Foster,布赖恩·福斯特
Rachel Featherstone,Rachel,Featherstone,雷切尔·费瑟斯通
Adrian Page,Adrian,Page,阿德里安·佩奇
Joseph Young,Joseph,Young,约瑟夫·杨
Michael Gove,Michael,Gove,迈克尔·戈夫
Paul Chapman,Paul,Chapman,保罗·查普曼
Laween Atroshi,Laween,Atroshi,拉文·阿特罗希
Ann-Marie Barker,Ann-Marie,Barker,安妮-玛丽·巴克
Kimberley  Lawson,Kimberley,Lawson,金伯利·劳森
Juliana Brimicombe,Juliana,Brimicombe,朱莉安娜·布里姆科姆
Bob Smith,Bob,Smith,鲍勃·史密斯
Paul Scully,Paul,Scully,保罗·斯卡利
Paul Burstow,Paul,Burstow,保罗·伯斯托
Emily Brothers,Emily,Brothers,艾米丽·布拉泽斯
Angus Dalgleish,Angus,Dalgleish,安格斯·达尔格利什
Maeve Tomlinson,Maeve,Tomlinson,梅芙·汤姆林森
Dave Ash,Dave,Ash,戴夫·阿什
Pauline Gorman,Pauline,Gorman,波林·戈尔曼
Andrew Mitchell,Andrew,Mitchell,安德鲁·米切尔
Robert Pocock,Robert,Pocock,罗伯特·波科克
Marcus Brown,Marcus,Brown,马库斯·布朗
Richard Brighton-Knight,Richard,Brighton-Knight,理查德·布赖顿-奈特
David Ratcliff,David,Ratcliff,戴维·拉特克利夫
Mark Sleigh,Mark,Sleigh,马克·斯莱
Christopher Pincher,Christopher,Pincher,克里斯托弗·平彻
Carol Dean,Carol,Dean,卡罗尔·迪安
Jan Higgins,Jan,Higgins,扬·希金斯
Jenny Pinkett,Jenny,Pinkett,珍妮·平克特
Nicola Holmes,Nicola,Holmes,尼古拉·霍姆斯
George Osborne,George,Osborne,乔治·奥斯本
David Pinto-Duschinsky,David,Pinto-Duschinsky,戴维·平托-杜辛斯基
Stuart Hutton,Stuart,Hutton,斯图尔特·赫顿
Gareth Wilson,Gareth,Wilson,加雷思·威尔逊
Tina Rothery,Tina,Rothery,蒂娜·罗瑟里
Rebecca Pow,Rebecca,Pow,丽贝卡·鲍
Rachel Gilmour,Rachel,Gilmour,雷切尔·吉尔摩
Laura Bailhache,Laura,Bailhache,劳拉·贝拉奇
Neil Guild,Neil,Guild,尼尔·吉尔德
Clive Martin,Clive,Martin,克莱夫·马丁
Mike Rigby,Mike,Rigby,迈克·里格比
Steve German,Steve,German,史蒂夫·杰曼
Bruce Gauld,Bruce,Gauld,布鲁斯·高尔德
Lucy Allan,Lucy,Allan,露西·艾伦
David Wright,David,Wright,戴维·赖特
Denis Allen,Denis,Allen,丹尼斯·艾伦
Peter Hawkins,Peter,Hawkins,彼得·霍金斯
Ian Croll,Ian,Croll,伊恩·克罗尔
Laurence Robertson,Laurence,Robertson,劳伦斯·罗伯逊
Ed Buxton,Ed,Buxton,埃德·巴克斯顿
Alistair Cameron,Alistair,Cameron,阿利斯泰尔·卡梅伦
Stuart Adair,Stuart,Adair,斯图尔特·阿黛尔
Jemma Clarke,Jemma,Clarke,杰玛·克拉克
Geoffrey Clifton-Brown,Geoffrey,Clifton-Brown,杰弗里·克利夫顿-布朗
Paul Hodgkinson,Paul,Hodgkinson,保罗·霍奇金森
Chris Harlow,Chris,Harlow,克里斯·哈洛
Manjinder Kang,Manjinder,Kang,曼金德·康
Penny Burgess,Penny,Burgess,彭妮·伯吉斯
Mark Pritchard,Mark,Pritchard,马克·普里查德
Katrina Gilman,Katrina,Gilman,卡特里娜·吉尔曼
Jill Seymour,Jill,Seymour,吉尔·西摩
Rod Keyes,Rod,Keyes,罗德·凯斯
Cath Edwards,Cath,Edwards,卡思·爱德华兹
Kevin Hollinrake,Kevin,Hollinrake,凯文·霍林雷克
Alan Avery,Alan,Avery,艾伦·艾弗里
Toby Horton,Toby,Horton,托比·霍顿
Dinah Keal,Dinah,Keal,迪纳·基尔
Chris Newsam,Chris,Newsam,克里斯·纽瑟姆
John Clark,John,Clark,约翰·克拉克
Philip Tate,Philip,Tate,菲利普·泰特
Luke Hall,Luke,Hall,卢克·霍尔
Steven Webb,Steven,Webb,史蒂文·韦伯
Russ Martin,Russ,Martin,拉斯·马丁
Hadleigh Roberts,Hadleigh,Roberts,哈德利·罗伯茨
Iain Hamilton,Iain,Hamilton,伊恩·汉密尔顿
Jackie Doyle-Price,Jackie,Doyle-Price,杰基·多伊尔-普赖斯
Polly Billington,Polly,Billington,波莉·比林顿
Tim Aker,Tim,Aker,蒂姆·阿克
Rhodri Jamieson-Ball,Rhodri,Jamieson-Ball,罗德·贾米森-鲍尔
Jamie Barnes,Jamie,Barnes,杰米·巴恩斯
Daniel Munyambu,Daniel,Munyambu,丹尼尔·穆尼亚姆布
Aba Kristilolu,Aba,Kristilolu,阿巴·克里斯蒂洛卢
Neil Parish,Neil,Parish,尼尔·帕里什
Leslie Smith,Leslie,Smith,莱斯利·史密斯
Caroline Kolek,Caroline,Kolek,卡罗琳·科莱克
Stephen Kearney,Stephen,Kearney,斯蒂芬·卡尼
Paul Edwards,Paul,Edwards,保罗·爱德华兹
Tom Tugendhat,Tom,Tugendhat,汤姆·图根达特
Rob Izzard,Rob,Izzard,罗布·伊扎德
Claire Leigh,Claire,Leigh,克莱尔·利
Mary Varrall,Mary,Varrall,玛丽·瓦拉尔
Howard Porter,Howard,Porter,霍华德·波特
Sadiq Khan,Sadiq,Khan,萨迪克·汗
Dan Watkins,Dan,Watkins,丹·沃特金斯
Esther Obiri-Darko,Esther,Obiri-Darko,埃丝特·奥比里-达科
Philip Ling,Philip,Ling,菲利普·凌
Przemek Skwirczynski,Przemek,Skwirczynski,普热梅克·斯克维尔钦
Kevin  Foster,Kevin,Foster,凯文·福斯特
Adrian Sanders,Adrian,Sanders,阿德里安·桑德斯
Tony McIntyre,Tony,McIntyre,托尼·麦金太尔
Su Maddock,Su,Maddock,苏·马多克
Paula Hermes,Paula,Hermes,保拉·赫尔墨斯
Geoffrey Cox,Geoffrey,Cox,杰弗里·考克斯
Derek Sargent,Derek,Sargent,德里克·萨金特
Paula Dolphin,Paula,Dolphin,保拉·多尔芬
Mike Sparling,Mike,Sparling,迈克·斯帕林
Cathrine Simmons,Cathrine,Simmons,凯瑟琳·西蒙斯
Sarah Wollaston,Sarah,Wollaston,莎拉·沃拉斯顿
Justin Haque,Justin,Haque,贾斯廷·哈克
Nicky Williams,Nicky,Williams,尼基·威廉斯
Gill Coombs,Gill,Coombs,吉尔·库姆斯
Julian Brazil,Julian,Brazil,朱利安·巴西
David Lammy,David,Lammy,戴维·拉米
Stefan Mrozinski,Stefan,Mrozinski,斯特凡·姆罗津斯基
Dee Searle,Dee,Searle,迪·瑟尔
Turhan Ozen,Turhan,Ozen,图尔汗·奥曾
Tariq Saeed,Tariq,Saeed,塔里克·萨义德
Jenny Sutton,Jenny,Sutton,珍妮·萨顿
Tania Mahmood,Tania,Mahmood,塔尼亚·马哈茂德
Sarah Newton,Sarah,Newton,莎拉·牛顿
Simon Rix,Simon,Rix,西蒙·里克斯
Stuart Roden,Stuart,Roden,斯图尔特·罗登
John Hyslop,John,Hyslop,约翰·希斯洛普
Karen Westbrook,Karen,Westbrook,卡伦·韦斯特布鲁克
Loic Rich,Loic,Rich,洛伊克·里奇
Stephen  Richardson,Stephen,Richardson,斯蒂芬·理查森
Rik Evans,Rik,Evans,里克·埃文斯
Stanley Guffogg,Stanley,Guffogg,斯坦利·古福格
Greg Clark,Greg,Clark,格雷格·克拉克
Kevin Kerrigan,Kevin,Kerrigan,凯文·克里根
Colin Nicholson,Colin,Nicholson,科林·尼科尔森
James  MacCleary,James,MacCleary,詹姆斯·麦克利里
Marie Jones,Marie,Jones,玛丽·琼斯
Graham Naismith,Graham,Naismith,格雷厄姆·奈史密斯
Tania Mathias,Tania,Mathias,塔尼亚·马西亚斯
Vince Cable,Vince,Cable,文斯·凯布尔
Nick Grant,Nick,Grant,尼克·格兰特
Barry Edwards,Barry,Edwards,巴里·爱德华兹
Tanya Williams,Tanya,Williams,塔尼娅·威廉斯
Dominic Stockford,Dominic,Stockford,多米尼克·斯托克福德
David Wedgwood,David,Wedgwood,戴维·韦奇伍德
Alan Campbell,Alan,Campbell,艾伦·坎贝尔
Glenn Hall,Glenn,Hall,格伦·霍尔
Gary Legg,Gary,Legg,加里·莱格
Julia Erskine,Julia,Erskine,朱莉娅·厄斯金
John Paton-Day,John,Paton-Day,约翰·佩顿-戴
Boris Johnson,Boris,Johnson,鲍里斯·约翰逊
Chris Summers,Chris,Summers,克里斯·萨默斯
Jack Duffin,Jack,Duffin,杰克·达芬
Michael  Cox,Michael,Cox,迈克尔·考克斯
Graham Lee,Graham,Lee,格雷厄姆·李
Gary Harbord,Gary,Harbord,加里·哈博德
Jenny  Thompson,Jenny,Thompson,珍妮·汤普森
Howling Laud Hope,Howling Laud,Hope,嚎叫的劳德·霍普
Sabrina Moosun,Sabrina,Moosun,萨布丽娜·穆森
Lord Toby Jug,Lord Toby,Jug,托比·贾格勋爵
Michael Doherty,Michael,Doherty,迈克尔·多尔蒂
Jane Lawrence,Jane,Lawrence,简·劳伦斯
James  Jackson,James,Jackson,詹姆斯·杰克逊
Kate Hoey,Kate,Hoey,凯特·霍伊
James Bellis,James,Bellis,詹姆斯·贝利斯
Gulnar Hasnain,Gulnar,Hasnain,古尔纳尔·哈斯南
Adrian Hyyrylainen-Trett,Adrian,Hyyrylainen-Trett,阿德里安·希里莱宁-特雷特
Ace Nnorom,Ace,Nnorom,王牌·诺罗姆
Mark Chapman,Mark,Chapman,马克·查普曼
Simon Hardy,Simon,Hardy,西蒙·哈迪
Louis Jensen,Louis,Jensen,路易斯·詹森
Waleed  Ghani,Waleed,Ghani,瓦利德·加尼
Danny Lambert,Danny,Lambert,丹尼·兰伯特
Mary Creagh,Mary,Creagh,玛丽·克里
Antony Calvert,Antony,Calvert,安东尼·卡尔弗特
Alan Hazelhurst,Alan,Hazelhurst,艾伦·黑兹尔赫斯特
Finbarr Cronin,Finbarr,Cronin,芬巴尔·克罗宁
Rebecca Thackray,Rebecca,Thackray,丽贝卡·撒克里
Mick Griffiths,Mick,Griffiths,米克·格里菲思
Elliot Barr,Elliot,Barr,埃利奥特·巴尔
Angela Eagle,Angela,Eagle,安杰拉·伊格尔
Chris Clarkson,Chris,Clarkson,克里斯·克拉克森
Geoffrey Caton,Geoffrey,Caton,杰弗里·卡顿
Julian Pratt,Julian,Pratt,朱利安·普拉特
Kris Brown,Kris,Brown,克里斯·布朗
David Winnick,David,Winnick,戴维·温尼克
Douglas Hansen-Luke,Douglas,Hansen-Luke,道格拉斯·汉森-卢克
Liz Hazell,Liz,Hazell,利兹·哈泽尔
Nigel Jones,Nigel,Jones,奈杰尔·琼斯
Pete Smith,Pete,Smith,皮特·史密斯
Mike Harrison,Mike,Harrison,迈克·哈里森
Valerie Vaz,Valerie,Vaz,瓦莱丽·瓦兹
Sue Arnold,Sue,Arnold,苏·阿诺德
Derek Bennett,Derek,Bennett,德里克·贝内特
Charlotte Fletcher,Charlotte,Fletcher,夏洛特·弗莱彻
Joel Kenrick,Joel,Kenrick,乔尔·肯里克
Stella Creasy,Stella,Creasy,斯特拉·克里西
Molly Samuel-Leport,Molly,Samuel-Leport,莫莉·塞缪尔-莱波特
Michael Gold,Michael,Gold,迈克尔·戈尔德
Paul Hillman,Paul,Hillman,保罗·希尔曼
Steven Cheung,Steven,Cheung,史蒂文·张
Nancy Taaffe,Nancy,Taaffe,南希·塔菲
Ellie Merton,Ellie,Merton,埃莉·默顿
Jonty Leff,Jonty,Leff,琼蒂·莱夫
Ian Lavery,Ian,Lavery,伊恩·莱弗里
Chris Galley,Chris,Galley,克里斯·加利
Melanie Hurst,Melanie,Hurst,梅拉妮·赫斯特
Tom Hancock,Tom,Hancock,汤姆·汉考克
Chris Hedley,Chris,Hedley,克里斯·赫德利
Ed Vaizey,Ed,Vaizey,埃德·维泽
Stephen Webb,Stephen,Webb,斯蒂芬·韦伯
Alex Meredith,Alex,Meredith,亚历克斯·梅雷迪思
Lee Upcraft,Lee,Upcraft,李·阿普克拉夫特
Kate Prendergast,Kate,Prendergast,凯特·普伦德加斯特
John Spellar,John,Spellar,约翰·斯佩拉
Tom Williams,Tom,Williams,汤姆·威廉斯
Pete Durnell,Pete,Durnell,皮特·德内尔
Robert Buckman,Robert,Buckman,罗伯特·巴克曼
Catherine Smith,Catherine,Smith,凯瑟琳·史密斯
Helen Jones,Helen,Jones,海伦·琼斯
Richard Short,Richard,Short,理查德·肖特
Trevor Nicholls,Trevor,Nicholls,特雷弗·尼科尔斯
Stefan Krizanac,Stefan,Krizanac,斯特凡·克里扎纳茨
Sarah Hayes,Sarah,Hayes,莎拉·海斯
David Mowat,David,Mowat,戴维·莫厄特
Nick Bent,Nick,Bent,尼克·本特
Malcolm Lingley,Malcolm,Lingley,马尔科姆·林利
Bob Barr,Bob,Barr,鲍勃·巴尔
Stephanie Davies,Stephanie,Davies,斯蒂芬妮·戴维斯
Kevin Bennett,Kevin,Bennett,凯文·贝内特
Chris White,Chris,White,克里斯·怀特
Lynnette Kelly,Lynnette,Kelly,林内特·凯利
Alistair MacBrayne,Alistair,MacBrayne,阿利斯泰尔·麦克布雷恩
Haseeb Arif,Haseeb,Arif,哈西布·阿里夫
Azzees Minott,Azzees,Minott,阿齐斯·米诺特
Sharon Hodgson,Sharon,Hodgson,莎伦·霍奇森
Aileen Casey,Aileen,Casey,艾琳·凯西
Bob Dhillon,Bob,Dhillon,鲍勃·迪隆
Anthony Murphy,Anthony,Murphy,安东尼·墨菲
Dominic Haney,Dominic,Haney,多米尼克·哈尼
Gary Duncan,Gary,Duncan,加里·邓肯
Richard Harrington,Richard,Harrington,理查德·哈林顿
Matt Turmaine,Matt,Turmaine,马特·特梅恩
Dorothy Thornhill,Dorothy,Thornhill,多萝西·桑希尔
Nick Lincoln,Nick,Lincoln,尼克·林肯
Aidan Cottrell-Boyce,Aidan,Cottrell-Boyce,艾丹·科特雷尔-博伊斯
Mark O'Connor,Mark,O'Connor,马克·奥康纳
Peter Aldous,Peter,Aldous,彼得·奥尔德斯
Bob Blizzard,Bob,Blizzard,鲍勃·布利扎德
Simon Tobin,Simon,Tobin,西蒙·托宾
Graham Elliott,Graham,Elliott,格雷厄姆·埃利奥特
Steve Gordon,Steve,Gordon,史蒂夫·戈登
Nus Ghani,Nus,Ghani,努斯·加尼
Peter Griffiths,Peter,Griffiths,彼得·格里菲思
Solomon Curtis,Solomon,Curtis,所罗门·柯蒂斯
Giles Goodall,Giles,Goodall,贾尔斯·古多尔
Mark Smith,Mark,Smith,马克·史密斯
Graham Evans,Graham,Evans,格雷厄姆·埃文斯
Julia Tickridge,Julia,Tickridge,朱莉娅·蒂克里奇
Amos Wright,Amos,Wright,阿莫斯·赖特
Mary Di Mauro,Mary,Di Mauro,玛丽·迪·毛罗
Chris Copeman,Chris,Copeman,克里斯·科普曼
Joseph Whyte,Joseph,Whyte,约瑟夫·怀特
Peter Bone,Peter,Bone,彼得·博恩
Jonathan Munday,Jonathan,Munday,乔纳森·芒迪
Richard Garvie,Richard,Garvie,理查德·加尔维
Chris Nelson,Chris,Nelson,克里斯·纳尔逊
Marion Turner-Hawes,Marion,Turner-Hawes,玛丽昂·特纳-霍斯
James Heappey,James,Heappey,詹姆斯·希皮
Tessa Munt,Tessa,Munt,泰莎·蒙特
Helen Hims,Helen,Hims,海伦·希姆斯
Chris Inchley,Chris,Inchley,克里斯·英奇利
Jon Cousins,Jon,Cousins,乔恩·卡曾斯
Paul Arnold,Paul,Arnold,保罗·阿诺德
Dave Dobbs,Dave,Dobbs,戴夫·多布斯
Gypsy Watkins,Gypsy,Watkins,吉普赛·沃特金斯
Grant Shapps,Grant,Shapps,格兰特·沙普斯
Anawar Miah,Anawar,Miah,阿纳瓦尔·米亚
Arthur Stevens,Arthur,Stevens,阿瑟·史蒂文斯
Hugh Annand,Hugh,Annand,休·安南德
Marc Scheimann,Marc,Scheimann,马克·谢曼
Michael Green,Michael,Green,米歇尔·格林
Richard Shattock,Richard,Shattock,理查德·沙托克
John Healey,John,Healey,约翰·希利
Mike Hookem,Mike,Hookem,迈克·胡克姆
Michael Naughton,Michael,Naughton,迈克尔·诺顿
Edwin Simpson,Edwin,Simpson,埃德温·辛普森
Alan  England,Alan,England,艾伦·英格兰
Tom Watson,Tom,Watson,汤姆·沃森
Olivia Seccombe,Olivia,Seccombe,奥利维亚·塞科姆
Steve Latham,Steve,Latham,史蒂夫·莱瑟姆
Flo Clucas,Flo,Clucas,弗洛·克卢卡斯
Barry Lim,Barry,Lim,巴里·林
Adrian Bailey,Adrian,Bailey,阿德里安·贝利
Graham Eardley,Graham,Eardley,格雷厄姆·厄德利
Paul Ratner,Paul,Ratner,保罗·拉特纳
Mark Redding,Mark,Redding,马克·雷丁
Karen Trench,Karen,Trench,卡伦·特伦奇
Oliver Letwin,Oliver,Letwin,奥利弗·莱特温
Ros Kayes,Ros,Kayes,罗斯·凯斯
David Glossop,David,Glossop,戴维·格洛索普
Rachel Rogers,Rachel,Rogers,雷切尔·罗杰斯
Peter Barton,Peter,Barton,彼得·巴顿
Lyn Brown,Lyn,Brown,林恩·布朗
Festus Akinbusoye,Festus,Akinbusoye,费斯图斯·阿金布索耶
Jamie McKenzie,Jamie,McKenzie,杰米·麦肯齐
Rachel Collinson,Rachel,Collinson,雷切尔·科林森
Paul Reynolds,Paul,Reynolds,保罗·雷诺兹
Andy Uzoka,Andy,Uzoka,安迪·乌佐卡
Cydatty Bogie,Cydatty,Bogie,西达提·博吉
Rosie Cooper,Rosie,Cooper,罗西·库珀
Paul Greenall,Paul,Greenall,保罗·格里纳尔
Jack Sen,Jack,Sen,杰克·森
Ben Basson,Ben,Basson,本·巴森
Daniel Lewis,Daniel,Lewis,丹尼尔·刘易斯
David  Braid,David,Braid,戴维·布雷德
Matthew Hancock,Matthew,Hancock,马修·汉考克
Julian Flood,Julian,Flood,朱利安·弗拉德
Michael Jefferys,Michael,Jefferys,迈克尔·杰弗里斯
Elfreda Tealby-Watson,Elfreda,Tealby-Watson,埃尔弗雷达·蒂尔比-沃森
Niall Pettitt,Niall,Pettitt,尼亚尔·佩蒂特
Harriett Baldwin,Harriett,Baldwin,哈丽雅特·鲍德温
Richard Chamings,Richard,Chamings,理查德·查明斯
Daniel Walton,Daniel,Walton,丹尼尔·沃尔顿
Dennis Wharton,Dennis,Wharton,丹尼斯·沃顿
Julian Roskams,Julian,Roskams,朱利安·罗斯卡姆斯
Karen Buck,Karen,Buck,卡伦·巴克
Lindsey Hall,Lindsey,Hall,林赛·霍尔
Nigel Sussman,Nigel,Sussman,奈杰尔·萨斯曼
Kirsty Allan,Kirsty,Allan,柯斯蒂·艾伦
Jennifer Nadel,Jennifer,Nadel,珍妮弗·纳德尔
Gabriela Fajardo,Gabriela,Fajardo,加芙列拉·法哈尔多
Nicholas Ward,Nicholas,Ward,尼古拉斯·沃德
Tim Farron,Tim,Farron,蒂姆·法伦
Ann Myatt,Ann,Myatt,安·迈亚特
Alan Piper,Alan,Piper,艾伦·派珀
John Bateson,John,Bateson,约翰·贝特森
Chris Loynes,Chris,Loynes,克里斯·洛伊恩斯
John Penrose,John,Penrose,约翰·彭罗斯
Tim Taylor,Tim,Taylor,蒂姆·泰勒
Ernie Warrender,Ernie,Warrender,厄尼·沃伦德
John Munro,John,Munro,约翰·芒罗
Richard Lawson,Richard,Lawson,理查德·劳森
Ronald Lavelle,Ronald,Lavelle,罗纳德·拉韦尔
Lisa Nandy,Lisa,Nandy,丽莎·南迪
Caroline Kerswell,Caroline,Kerswell,卡罗琳·克斯韦尔
Mark Bradley,Mark,Bradley,马克·布拉德利
Will Patterson,Will,Patterson,威尔·帕特森
Richard Clayton,Richard,Clayton,理查德·克莱顿
Gareth Fairhurst,Gareth,Fairhurst,加雷思·费尔赫斯特
Brian Parr,Brian,Parr,布赖恩·帕尔
Stephen Hammond,Stephen,Hammond,斯蒂芬·哈蒙德
Andrew Judge,Andrew,Judge,安德鲁·贾奇
Shas Sheehan,Shas,Sheehan,沙斯·希恩
Peter Bucklitsch,Peter,Bucklitsch,彼得·布克利奇
Charles Barraball,Charles,Barraball,查尔斯·巴拉鲍尔
Steve Brine,Steve,Brine,史蒂夫·布赖恩
Jackie  Porter,Jackie,Porter,杰基·波特
Mark Chaloner,Mark,Chaloner,马克·查隆纳
Martin Lyon,Martin,Lyon,马丁·里昂
Michael Wilks,Michael,Wilks,迈克尔·威尔克斯
Adam Afriyie,Adam,Afriyie,亚当·阿弗里耶
Fiona Dent,Fiona,Dent,菲奥娜·登特
Tariq Malik,Tariq,Malik,塔里克·马利克
George Fussey,George,Fussey,乔治·富西
Derek Wall,Derek,Wall,德里克·沃尔
Wisdom Da Costa,Wisdom,Da Costa,威兹德姆·达科斯塔
Alison McGovern,Alison,McGovern,艾莉森·麦戈文
John Bell,John,Bell,约翰·贝尔
David Scott,David,Scott,戴维·斯科特
Elizabeth Jewkes,Elizabeth,Jewkes,伊丽莎白·朱克斯
Paul Cartlidge,Paul,Cartlidge,保罗·卡特利奇
Margaret Greenwood,Margaret,Greenwood,玛格丽特·格林伍德
Esther McVey,Esther,McVey,埃丝特·麦克维
Hilary Jones,Hilary,Jones,希拉里·琼斯
Peter Reisdorf,Peter,Reisdorf,彼得·雷斯多夫
David James,David,James,戴维·詹姆斯
Priti Patel,Priti,Patel,普丽蒂·帕特尔
Garry Cockrill,Garry,Cockrill,加里·科克里尔
John Clarke,John,Clarke,约翰·克拉克
Jo Hayes,Jo,Hayes,乔·海斯
James Abbott,James,Abbott,詹姆斯·阿博特
Doreen Scrimshaw,Doreen,Scrimshaw,多琳·斯克瑞姆肖
David Cameron,David,Cameron,戴维·卡梅伦
Duncan Enright,Duncan,Enright,邓肯·恩赖特
Simon Strutt,Simon,Strutt,西蒙·斯特拉特
Andrew Graham,Andrew,Graham,安德鲁·格雷厄姆
Stuart  Macdonald,Stuart,Macdonald,斯图尔特·麦克唐纳
Clive Peedell,Clive,Peedell,克莱夫·皮德尔
Colin Bex,Colin,Bex,科林·贝克斯
Chris Tompson,Chris,Tompson,克里斯·汤普森
Vivien  Saunders,Vivien,Saunders,维维恩·桑德斯
Bobby Smith,Bobby,Smith,博比·史密斯
Deek Jackson,Deek,Jackson,迪克·杰克逊
Nathan Handley,Nathan,Handley,内森·汉德利
Jonathan Lord,Jonathan,Lord,乔纳森·洛德
Jill Rawling,Jill,Rawling,吉尔·罗林
Chris Took,Chris,Took,克里斯·图克
Rob Burberry,Rob,Burberry,罗布·伯贝里
Martin Robson,Martin,Robson,马丁·罗布森
Declan Wade,Declan,Wade,迪克兰·韦德
Ruth Temple,Ruth,Temple,鲁思·坦普尔
Angela Woolford,Angela,Woolford,安杰拉·伍尔福德
John Redwood,John,Redwood,约翰·雷德伍德
Andy Croy,Andy,Croy,安迪·克罗伊
Clive Jones,Clive,Jones,克莱夫·琼斯
Philip Cunnington,Philip,Cunnington,菲利普·坎宁顿
Adrian Windisch,Adrian,Windisch,阿德里安·温迪施
Kaz Lokuciewski,Kaz,Lokuciewski,卡兹·洛库西维斯基
Emma Reynolds,Emma,Reynolds,埃玛·雷诺兹
Darren Henry,Darren,Henry,达伦·亨利
Star Etheridge,Star,Etheridge,斯达·以太
Ian Jenkins,Ian,Jenkins,伊恩·詹金斯
Becky Cooper,Becky,Cooper,贝基·库珀
Pat McFadden,Pat,McFadden,帕特·麦克法登
Suria Photay,Suria,Photay,苏里亚·福泰
Barry Hodgson,Barry,Hodgson,巴里·霍奇森
Ian Griffiths,Ian,Griffiths,伊恩·格里菲斯
Geeta Kauldhar,Geeta,Kauldhar,吉塔·考尔德哈
Rob Marris,Rob,Marris,罗布·马里斯
Paul Uppal,Paul,Uppal,保罗·乌帕尔
Dave Everett,Dave,Everett,戴夫·埃弗里特
Andrea Cantrill,Andrea,Cantrill,安德烈娅·坎特里尔
Neale Upstone,Neale,Upstone,尼尔·阿普斯通
Brian Booth,Brian,Booth,布赖恩·布斯
Robin Walker,Robin,Walker,罗宾·沃克
Joy Squires,Joy,Squires,乔伊·斯夸尔斯
James Goad,James,Goad,詹姆斯·戈德
Louis Stephen,Louis,Stephen,路易斯·斯蒂芬
Federica Smith,Federica,Smith,费代丽卡·史密斯
Pete McNally,Pete,McNally,皮特·麦克纳利
Mark Shuker,Mark,Shuker,马克·舒克
Sue Hayman,Sue,Hayman,苏·海曼
Rozila Kana,Rozila,Kana,罗齐拉·卡纳
Mark Jenkinson,Mark,Jenkinson,马克·詹金森
Phill Roberts,Phill,Roberts,菲尔·罗伯茨
Jill Perry,Jill,Perry,吉尔·佩里
Roy Ivinson,Roy,Ivinson,罗伊·伊文森
Barbara Keeley,Barbara,Keeley,芭芭拉·基利
Iain Lindley,Iain,Lindley,伊恩·林德利
Owen Hammond,Owen,Hammond,欧文·哈蒙德
Chris Bertenshaw,Chris,Bertenshaw,克里斯·伯特肖
Kate  Clarkson,Kate,Clarkson,凯特·克拉克森
Steven North,Steven,North,史蒂文·诺思
Mags McNally,Mags,McNally,玛格斯·麦克纳利
Geoffrey Berg,Geoffrey,Berg,杰弗里·伯格
Peter Bottomley,Peter,Bottomley,彼得·博顿利
Tim Cross,Tim,Cross,蒂姆·克罗斯
Jim Deen,Jim,Deen,吉姆·迪恩
Hazel Thorpe,Hazel,Thorpe,黑兹尔·索普
David Aherne,David,Aherne,戴维·阿赫恩
Steve Baker,Steve,Baker,史蒂夫·贝克
David Williams,David,Williams,戴维·威廉斯
David Meacock,David,Meacock,戴维·米科克
Steve Guy,Steve,Guy,史蒂夫·盖伊
Jem Bailey,Jem,Bailey,杰姆·贝利
David Fitton,David,Fitton,戴维·菲顿
Ben Wallace,Ben,Wallace,本·华莱士
Ben Whittingham,Ben,Whittingham,本·惠廷厄姆
Kate Walsh,Kate,Walsh,凯特·沃尔什
John Potter,John,Potter,约翰·波特
Anne Power,Anne,Power,安妮·鲍尔
Mark Garnier,Mark,Garnier,马克·加尼尔
Matt Lamb,Matt,Lamb,马特·兰姆
Michael Wrench,Michael,Wrench,迈克尔·伦奇
Richard Taylor,Richard,Taylor,理查德·泰勒
Andy Crick,Andy,Crick,安迪·克里克
Natalie McVey,Natalie,McVey,娜塔莉·麦克维
Mike Kane,Mike,Kane,迈克·凯恩
Fiona Green,Fiona,Green,菲奥娜·格林
Lee Clayton,Lee,Clayton,李·克莱顿
Victor Chamberlain,Victor,Chamberlain,维克托·张伯伦
Jess Mayo,Jess,Mayo,杰斯·梅奥
Johnny Disco,Johnny,Disco,约翰尼·迪斯科
Lynn Worthington,Lynn,Worthington,林恩·沃辛顿
Marcus Fysh,Marcus,Fysh,马库斯·菲什
David Laws,David,Laws,戴维·劳斯
Simon Smedley,Simon,Smedley,西蒙·斯梅德利
Sheena King,Sheena,King,希娜·金
Emily McIvor,Emily,McIvor,艾米莉·麦基弗
Rachael Maskell,Rachael,Maskell,拉切尔·马斯克尔
Robert McIlveen,Robert,McIlveen,罗伯特·麦基尔文
Ken Guest,Ken,Guest,肯·格斯特
Jonathan Tyler,Jonathan,Tyler,乔纳森·泰勒
Nick Love,Nick,Love,尼克·洛夫
Chris Whitwood,Chris,Whitwood,克里斯·惠特伍德
Megan Ollerhead,Megan,Ollerhead,梅根·奥勒黑德
Julian Sturdy,Julian,Sturdy,朱利安·斯特迪
Joseph Riches,Joseph,Riches,约瑟夫·里奇斯
James Blanchard,James,Blanchard,詹姆斯·布兰查德
Paul Abbott,Paul,Abbott,保罗·阿博特
Ginnie Shaw,Ginnie,Shaw,金妮·肖
Gavin Robinson,Gavin,Robinson,加文·罗宾逊
Naomi Long,Naomi,Long,娜奥米·朗
Neil Wilson,Neil,Wilson,尼尔·威尔逊
Ross Brown,Ross,Brown,罗斯·布朗
Niall O Donnghaile,Niall,O Donnghaile,尼尔·奥唐奈海尔
Mary Muldoon,Mary,Muldoon,玛丽·马龙
Nigel Dodds,Nigel,Dodds,奈杰尔·多兹
Gerry Kelly,Gerry,Kelly,格里·凯利
Alban Maginness,Alban,Maginness,阿尔班·马金尼斯
Jason O'Neill,Jason,O'Neill,贾森·奥尼尔
Gemma Weir,Gemma,Weir,杰玛·威尔
Fra Hughes,Fra,Hughes,弗拉·休斯
Alasdair McDonnell,Alasdair,McDonnell,阿拉斯代尔·麦克唐奈
Jonathan Bell,Jonathan,Bell,乔纳森·贝尔
Paula Bradshaw,Paula,Bradshaw,保拉·布拉德肖
Mairtin O Muilleoir,Mairtin,O Muilleoir,马丁·奥·穆利尔
Rodney McCune,Rodney,McCune,罗德尼·麦丘恩
Clare Bailey,Clare,Bailey,克莱尔·贝利
Bob Stoker,Bob,Stoker,鲍勃·斯托克
Ben Manton,Ben,Manton,本·曼顿
Lily Kerr,Lily,Kerr,莉莉·克尔
Paul Maskey,Paul,Maskey,保罗·马斯基
Gerry  Carroll,Gerry,Carroll,格里·卡罗尔
Alex Attwood,Alex,Attwood,亚历克斯·阿特伍德
Frank McCoubrey,Frank,McCoubrey,弗兰克·麦考布里
Bill Manwaring,Bill,Manwaring,比尔·曼瓦林
Brian Higginson,Brian,Higginson,布赖恩·希金森
Gerard Catney,Gerard,Catney,杰勒德·卡特尼
John Lowry,John,Lowry,约翰·劳里
Paul Shea,Paul,Shea,保罗·谢伊
Sammy Wilson,Sammy,Wilson,萨米·威尔逊
Roy Beggs,Roy,Beggs,罗伊·贝格斯
Stewart Dickson,Stewart,Dickson,斯图尔特·迪克森
Noel Jordan,Noel,Jordan,诺埃尔·乔丹
Oliver McMullan,Oliver,McMullan,奥利弗·麦克马伦
Ruth Wilson,Ruth,Wilson,鲁思·威尔逊
Margaret Anne McKillop,Margaret Anne,McKillop,玛格丽特·安妮·麦基洛普
Alex Wilson,Alex,Wilson,亚历克斯·威尔逊
Gregory Campbell,Gregory,Campbell,格雷戈里·坎贝尔
Caoimhe Archibald,Caoimhe,Archibald,卡奥伊米·阿奇博尔德
William McCandless,William,McCandless,威廉·麦坎德利斯
Gerry Mullan,Gerry,Mullan,格里·马伦
Yvonne Boyle,Yvonne,Boyle,伊冯·博伊尔
Neil  Paine,Neil,Paine,尼尔·佩因
Elizabeth St Clair-Legge,Elizabeth,St Clair-Legge,伊丽莎白·圣克莱尔-莱格
Tom Elliott,Tom,Elliott,汤姆·埃利奥特
Michelle Gildernew,Michelle,Gildernew,米歇尔·吉尔德纽
John Coyle,John,Coyle,约翰·科伊尔
Tanya Jones,Tanya,Jones,塔尼娅·琼斯
Hannah Su,Hannah,Su,汉娜·苏
Mark Durkan,Mark,Durkan,马克·德坎
Gearoid O hEara,Gearoid,O hEara,盖罗伊德·奥哈拉
Gary Middleton,Gary,Middleton,加里·米德尔顿
Julia Kee,Julia,Kee,朱莉娅·基
David Hawthorne,David,Hawthorne,戴维·霍索恩
Kyle Thompson,Kyle,Thompson,凯尔·汤普森
Hamish Badenoch,Hamish,Badenoch,哈米什·巴登诺克
Jeffrey Donaldson,Jeffrey,Donaldson,杰弗里·唐纳森
Alexander Redpath,Alexander,Redpath,亚历山大·雷德帕思
Trevor Lunn,Trevor,Lunn,特雷弗·伦恩
Pat Catney,Pat,Catney,帕特·卡特尼
Alan Love,Alan,Love,艾伦·洛夫
Samuel Morrison,Samuel,Morrison,塞缪尔·莫里森
Jacqui McGeough,Jacqui,McGeough,杰奎·麦高
Jonny Orr,Jonny,Orr,乔尼·奥尔
Helen Osborne,Helen,Osborne,海伦·奥斯本
Francie Molloy,Francie,Molloy,弗兰基·莫洛伊
Sandra Overend,Sandra,Overend,桑德拉·奥弗伦德
Ian McCrea,Ian,McCrea,伊恩·麦格雷
Malachy Quinn,Malachy,Quinn,马拉基·奎因
Gareth Ferguson,Gareth,Ferguson,加雷思·弗格森
Alan Day,Alan,Day,艾伦·戴
Eric Bullick,Eric,Bullick,埃里克·布利克
Hugh Scullion,Hugh,Scullion,休·斯库利恩
Lucille Nicholson,Lucille,Nicholson,露西尔·尼科尔森
Mickey Brady,Mickey,Brady,米基·布雷迪
Danny  Kennedy,Danny,Kennedy,丹尼·肯尼迪
Justin McNulty,Justin,McNulty,贾斯廷·麦克纳尔蒂
Kate Nicholl,Kate,Nicholl,凯特·尼科尔
Robert Rigby,Robert,Rigby,罗伯特·里格比
Ian Paisley,Ian,Paisley,伊恩·佩斯利
Timothy Gaston,Timothy,Gaston,蒂莫西·加斯顿
Daithi McKay,Daithi,McKay,代西·麦凯
Robin Swann,Robin,Swann,罗宾·斯旺
Declan O'Loan,Declan,O'Loan,迪克兰·奥洛安
Jayne Dunlop,Jayne,Dunlop,杰恩·邓洛普
Robert Hill,Robert,Hill,罗伯特·希尔
Carol Freeman,Carol,Freeman,卡罗尔·弗里曼
Thomas Palmer,Thomas,Palmer,托马斯·帕尔默
Sylvia Hermon,Sylvia,Hermon,西尔维娅·赫蒙
Alex Easton,Alex,Easton,亚历克斯·伊斯顿
Andrew Muir,Andrew,Muir,安德鲁·缪尔
Steven Agnew,Steven,Agnew,史蒂文·阿格纽
Mark Brotherston,Mark,Brotherston,马克·布拉泽斯顿
Jonny Lavery,Jonny,Lavery,乔尼·莱弗里
William Cudworth,William,Cudworth,威廉·卡德沃思
Tom Woolley,Tom,Woolley,汤姆·伍利
Glenn Donnelly,Glenn,Donnelly,格伦·唐纳利
Therese McCartney,Therese,McCartney,特蕾丝·麦卡特尼
Danny  Kinahan,Danny,Kinahan,丹尼·基纳汉
Robert McCrea,Robert,McCrea,罗伯特·麦格雷
Declan Kearney,Declan,Kearney,迪克兰·卡尼
Neil Kelly,Neil,Kelly,尼尔·凯利
Roisin Lynch,Roisin,Lynch,罗伊辛·林奇
Richard Cairns,Richard,Cairns,理查德·凯恩斯
Alan Dunlop,Alan,Dunlop,艾伦·邓洛普
Margaret Ritchie,Margaret,Ritchie,玛格丽特·里奇
Chris Hazzard,Chris,Hazzard,克里斯·哈扎德
Harold McKee,Harold,McKee,哈罗德·麦基
Jim Wells,Jim,Wells,吉姆·韦尔斯
Henry Reilly,Henry,Reilly,亨利·赖利
Martyn Todd,Martyn,Todd,马丁·托德
Felicity Buchan,Felicity,Buchan,费利西蒂·布坎
Jim Shannon,Jim,Shannon,吉姆·香农
Robert Burgess,Robert,Burgess,罗伯特·伯吉斯
Kellie Armstrong,Kellie,Armstrong,凯莉·阿姆斯特朗
Joe Boyle,Joe,Boyle,乔·博伊尔
Joe Jordan,Joe,Jordan,乔·乔丹
Johnny Andrews,Johnny,Andrews,约翰尼·安德鲁斯
Stephen Cooper,Stephen,Cooper,斯蒂芬·库珀
Sheila Bailie,Sheila,Bailie,希拉·贝利
David Simpson,David,Simpson,戴维·辛普森
Jo-Anne Dobson,Jo-Anne,Dobson,乔-安妮·多布森
Catherine Seeley,Catherine,Seeley,凯瑟琳·西利
Dolores Kelly,Dolores,Kelly,多洛雷斯·凯利
Peter Lavery,Peter,Lavery,彼得·莱弗里
Martin  Kelly,Martin,Kelly,马丁·凯利
Damien Harte,Damien,Harte,达米恩·哈特
Amandeep  Bhogal,Amandeep,Bhogal,阿曼迪普·博加尔
Pat Doherty,Pat,Doherty,帕特·多尔蒂
Tom Buchanan,Tom,Buchanan,汤姆·布坎南
Daniel McCrossan,Daniel,McCrossan,丹尼尔·麦克罗桑
Ross Hussey,Ross,Hussey,罗斯·哈西
Stephen Donnelly,Stephen,Donnelly,斯蒂芬·唐纳利
Ciaran McClean,Ciaran,McClean,基兰·麦克林
Barry Brown,Barry,Brown,巴里·布朗
Claire-Louise Leyland,Claire-Louise,Leyland,克莱尔-路易丝·莱兰
Susan Anne White,Susan Anne,White,苏珊·安妮·怀特
Kirsty Blackman,Kirsty,Blackman,柯斯蒂·布莱克曼
Richard Baker,Richard,Baker,理查德·贝克
Sanjoy Sen,Sanjoy,Sen,桑乔伊·森
Euan Davidson,Euan,Davidson,尤安·戴维森
Tyrinne Rutherford,Tyrinne,Rutherford,泰林·卢瑟福
Christopher Willett,Christopher,Willett,克里斯托弗·威利特
Callum McCaig,Callum,McCaig,卡勒姆·麦凯格
Anne Begg,Anne,Begg,安妮·贝格
Ross Thomson,Ross,Thomson,罗斯·汤姆森
Denis Rixson,Denis,Rixson,丹尼斯·里克森
Dan Yeats,Dan,Yeats,丹·耶茨
Sandra Skinner,Sandra,Skinner,桑德拉·斯金纳
Christopher Gray,Christopher,Gray,克里斯托弗·格雷
Neil Gray,Neil,Gray,尼尔·格雷
Pamela Nash,Pamela,Nash,帕梅拉·纳什
Eric Holford,Eric,Holford,埃里克·霍尔福德
Matt Williams,Matt,Williams,马特·威廉斯
John Love,John,Love,约翰·洛夫
Deryck Beaumont,Deryck,Beaumont,德里克·博蒙特
Mike Weir,Mike,Weir,迈克·威尔
Derek Wann,Derek,Wann,德里克·万
Gerard McMahon,Gerard,McMahon,杰勒德·麦克马洪
Calum Walker,Calum,Walker,卡勒姆·沃克
Sanjay Samani,Sanjay,Samani,桑杰·萨马尼
David Mumford,David,Mumford,戴维·芒福德
Brendan O'Hara,Brendan,O'Hara,布伦丹·奥哈拉
Alan Reid,Alan,Reid,艾伦·里德
Alastair Redman,Alastair,Redman,阿拉斯泰尔·雷德曼
Mary Galbraith,Mary,Galbraith,玛丽·加尔布雷斯
Caroline Santos,Caroline,Santos,卡罗琳·桑托斯
Corri Wilson,Corri,Wilson,科里·威尔逊
Sandra Osborne,Sandra,Osborne,桑德拉·奥斯本
Scott Lyons,Scott,Lyons,斯科特·莱昂斯
Joseph Adam-Smith,Joseph,Adam-Smith,约瑟夫·亚当-史密斯
Richard Brodie,Richard,Brodie,理查德·布罗迪
Eilidh Whiteford,Eilidh,Whiteford,伊莉德·怀特福德
Alex Johnstone,Alex,Johnstone,亚历克斯·约翰斯通
Sumon Hoque,Sumon,Hoque,苏蒙·霍克
David Evans,David,Evans,戴维·埃文斯
Calum Kerr,Calum,Kerr,卡勒姆·克尔
John Lamont,John,Lamont,约翰·拉蒙特
Michael Moore,Michael,Moore,迈克尔·穆尔
Kenryck Lloyd-Jones,Kenryck,Lloyd-Jones,肯里克·劳埃德-琼斯
Peter Neilson,Peter,Neilson,彼得·尼尔森
Pauline Stewart,Pauline,Stewart,波林·斯图尔特
Jesse Rae,Jesse,Rae,杰西·雷
Paul Monaghan,Paul,Monaghan,保罗·莫纳汉
John Thurso,John,Thurso,约翰·瑟索
John Erskine,John,Erskine,约翰·厄斯金
Alastair Graham,Alastair,Graham,阿拉斯泰尔·格雷厄姆
Ann  Murray,Ann,Murray,安·默里
Philippa Whitford,Philippa,Whitford,菲利帕·惠特福德
Brian Donohoe,Brian,Donohoe,布赖恩·多诺霍
Marc Hope,Marc,Hope,马克·霍普
Gordon Bain,Gordon,Bain,戈登·贝恩
Veronika Tudhope,Veronika,Tudhope,维罗妮卡·图德霍普
Philip Boswell,Philip,Boswell,菲利普·博斯韦尔
Tom Clarke,Tom,Clarke,汤姆·克拉克
Mhairi Fraser,Mhairi,Fraser,姆哈里·弗雷泽
Scott Cairns,Scott,Cairns,斯科特·凯恩斯
Robert Simpson,Robert,Simpson,罗伯特·辛普森
Stuart McDonald,Stuart,McDonald,斯图尔特·麦克唐纳
Gregg McClymont,Gregg,McClymont,格雷格·麦克莱蒙特
Malcolm Mackay,Malcolm,Mackay,马尔科姆·麦凯
John Duncan,John,Duncan,约翰·邓肯
Richard  Arkless,Richard,Arkless,理查德·阿克勒斯
Finlay Carson,Finlay,Carson,芬利·卡森
Russell Brown,Russell,Brown,罗素·布朗
Geoff Siddall,Geoff,Siddall,杰夫·西德尔
Andrew Metcalf,Andrew,Metcalf,安德鲁·梅特卡夫
David Mundell,David,Mundell,戴维·芒德尔
Emma Harper,Emma,Harper,埃玛·哈珀
Archie Dryburgh,Archie,Dryburgh,阿奇·德赖堡
Kevin Newton,Kevin,Newton,凯文·牛顿
Amanda Kubie,Amanda,Kubie,阿曼达·库比
Jody Jamieson,Jody,Jamieson,乔迪·詹姆斯顿
Stewart Hosie,Stewart,Hosie,斯图尔特·霍西
Lesley Brennan,Lesley,Brennan,莱斯利·布伦南
Bill Bowman,Bill,Bowman,比尔·鲍曼
Craig Duncan,Craig,Duncan,克雷格·邓肯
Helen Grayshan,Helen,Grayshan,海伦·格雷尚
Lesley Parker-Hamilton,Lesley,Parker-Hamilton,莱斯利·帕克-汉密尔顿
Carlo Morelli,Carlo,Morelli,卡洛·莫雷利
Chris Law,Chris,Law,克里斯·劳
Michael Marra,Michael,Marra,迈克尔·马拉
Nicola Ross,Nicola,Ross,尼古拉·罗斯
Pauline Hinchion,Pauline,Hinchion,波林·欣钦
Daniel Coleman,Daniel,Coleman,丹尼尔·科尔曼
Jim McFarlane,Jim,McFarlane,吉姆·麦克法兰
Douglas Chapman,Douglas,Chapman,道格拉斯·查普曼
Thomas Docherty,Thomas,Docherty,托马斯·多彻蒂
James Reekie,James,Reekie,詹姆斯·里基
Gillian Cole-Hamilton,Gillian,Cole-Hamilton,吉莉安·科尔-汉密尔顿
Lewis Campbell,Lewis,Campbell,刘易斯·坎贝尔
John Nicolson,John,Nicolson,约翰·尼科尔森
Jo Swinson,Jo,Swinson,乔·斯温森
Amanjit Jhund,Amanjit,Jhund,阿曼吉特·琼德
Andrew Polson,Andrew,Polson,安德鲁·波尔森
Ross Greer,Ross,Greer,罗斯·格里尔
Wilfred Arasaratnam,Wilfred,Arasaratnam,威尔弗雷德·阿拉萨拉特南
Lisa Cameron,Lisa,Cameron,丽莎·卡梅伦
Michael McCann,Michael,McCann,迈克尔·麦卡恩
Graham Simpson,Graham,Simpson,格雷厄姆·辛普森
Rob Sale,Rob,Sale,罗布·塞尔
Paul McGarry,Paul,McGarry,保罗·麦加里
John Houston,John,Houston,约翰·休斯顿
George  Kerevan,George,Kerevan,乔治·凯雷万
Fiona O'Donnell,Fiona,O'Donnell,菲奥娜·奥唐奈
David Roach,David,Roach,戴维·罗奇
Ettie Spencer,Ettie,Spencer,埃蒂·斯宾塞
Jason Rose,Jason,Rose,贾森·罗斯
Oluf Marshall,Oluf,Marshall,奥鲁夫·马歇尔
Mike Allan,Mike,Allan,迈克·阿伦
Kirsten Oswald,Kirsten,Oswald,柯尔斯滕·奥斯瓦尔德
Jim Murphy,Jim,Murphy,吉姆·墨菲
David Montgomery,David,Montgomery,戴维·蒙哥马利
Graeme Cowie,Graeme,Cowie,格雷姆·考伊
Robert Malyn,Robert,Malyn,罗伯特·马林
Tommy Sheppard,Tommy,Sheppard,汤米·谢泼德
Sheila Gilmore,Sheila,Gilmore,希拉·吉尔摩
James McMordie,James,McMordie,詹姆斯·麦克莫迪
Peter McColl,Peter,McColl,彼得·麦科尔
Karen Utting,Karen,Utting,卡伦·厄廷
Oliver Corbishley,Oliver,Corbishley,奥利弗·科比什利
Ayesha Saleem,Ayesha,Saleem,阿伊莎·萨利姆
Deidre Brock,Deidre,Brock,迪尔德丽·布罗克
Mark Lazarowicz,Mark,Lazarowicz,马克·拉扎罗维奇
Iain McGill,Iain,McGill,伊恩·麦吉尔
Sarah Beattie-Smith,Sarah,Beattie-Smith,莎拉·贝蒂-史密斯
Martin Veart,Martin,Veart,马丁·维尔特
Alan Melville,Alan,Melville,艾伦·梅尔维尔
Bruce Whitehead,Bruce,Whitehead,布鲁斯·怀特海德
Ian Murray,Ian,Murray,伊恩·默里
Neil Hay,Neil,Hay,尼尔·海
Miles Briggs,Miles,Briggs,迈尔斯·布里格斯
Phyl Meyer,Phyl,Meyer,菲尔·迈耶
Pramod Subbaraman,Pramod,Subbaraman,普拉蒙德·苏巴拉曼
Paul Marshall,Paul,Marshall,保罗·马歇尔
Colin Fox,Colin,Fox,科林·福克斯
Joanna Cherry,Joanna,Cherry,乔安娜·切里
Ricky Henderson,Ricky,Henderson,里基·亨德森
Gordon Lindhurst,Gordon,Lindhurst,戈登·林德赫斯特
Richard Doherty,Richard,Doherty,理查德·多尔蒂
Daniel Farthing-Sykes,Daniel,Farthing-Sykes,丹尼尔·法辛-赛克斯
Richard Lucas,Richard,Lucas,理查德·卢卡斯
Michelle Thomson,Michelle,Thomson,米歇尔·汤姆森
Mike Crockart,Mike,Crockart,迈克·克罗卡特
Lindsay Paterson,Lindsay,Paterson,林赛·佩特森
Cammy Day,Cammy,Day,卡米·戴
Pat Black,Pat,Black,帕特·布莱克
George Inglis,George,Inglis,乔治·英格利斯
Angus MacNeil,Angus,MacNeil,安格斯·麦克尼尔
Alasdair Morrison,Alasdair,Morrison,阿拉斯代尔·莫里森
Mark Brown,Mark,Brown,马克·布朗
John Cormack,John,Cormack,约翰·科马克
Ruaraidh Ferguson,Ruaraidh,Ferguson,鲁阿瑞德·弗格森
John McNally,John,McNally,约翰·麦克纳利
Karen Whitefield,Karen,Whitefield,卡伦·怀特菲尔德
Alison Harris,Alison,Harris,艾莉森·哈里斯
David Coburn,David,Coburn,戴维·科伯恩
Galen Milne,Galen,Milne,盖伦·米尔恩
Alison Thewliss,Alison,Thewliss,艾莉森·特维斯
Anas Sarwar,Anas,Sarwar,阿纳斯·萨尔瓦
Simon  Bone,Simon,Bone,西蒙·博恩
Cass MacGregor,Cass,MacGregor,卡斯·麦格雷戈
Stuart Maskell,Stuart,Maskell,斯图尔特·马斯基尔
Chris Young,Chris,Young,克里斯·杨
James Marris,James,Marris,詹姆斯·马里斯
Andrew Elliot,Andrew,Elliot,安德鲁·埃利奥特
Katie Rhodes,Katie,Rhodes,凯蒂·罗兹
Natalie McGarry,Natalie,McGarry,娜塔莉·麦加里
Margaret Curran,Margaret,Curran,玛格丽特·柯伦
Andy Morrison,Andy,Morrison,安迪·莫里森
Arthur Thackeray,Arthur,Thackeray,阿瑟·撒克里
Kim Long,Kim,Long,金·朗
Gary McLelland,Gary,McLelland,加里·麦克莱兰
Liam McLaughlan,Liam,McLaughlan,利亚姆·麦克劳林
Patrick Grady,Patrick,Grady,帕特里克·格雷迪
Ann McKechin,Ann,McKechin,安·麦基钦
Lauren Hankinson,Lauren,Hankinson,劳伦·汉金森
Martin Bartos,Martin,Bartos,马丁·巴托斯
Jade O'Neil,Jade,O'Neil,杰德·奥尼尔
Jamie Robertson,Jamie,Robertson,杰米·罗伯逊
Angela McCormick,Angela,McCormick,安杰拉·麦科米克
Russell Benson,Russell,Benson,罗素·本森
Anne McLaughlin,Anne,McLaughlin,安妮·麦克劳克林
Willie  Bain,Willie,Bain,威利·贝恩
Annie Wells,Annie,Wells,安妮·韦尔斯
Zara Kitson,Zara,Kitson,扎拉·基特森
Eileen Baxendale,Eileen,Baxendale,艾琳·巴克斯代尔
Geoff Johnson,Geoff,Johnson,杰夫·约翰逊
Jamie Cocozza,Jamie,Cocozza,杰米·科科扎
Carol Monaghan,Carol,Monaghan,卡罗尔·莫纳汉
John Robertson,John,Robertson,约翰·罗伯逊
Roger Lewis,Roger,Lewis,罗杰·刘易斯
James Harrison,James,Harrison,詹姆斯·哈里森
Moira Crawford,Moira,Crawford,莫伊拉·克劳福德
Chris MacKenzie,Chris,MacKenzie,克里斯·麦肯齐
Zoe Streatfield,Zoe,Streatfield,佐伊·斯特里特菲尔德
Stewart McDonald,Stewart,McDonald,斯图尔特·麦克唐纳
Tom Harris,Tom,Harris,汤姆·哈里斯
Kyle Thornton,Kyle,Thornton,凯尔·桑顿
Alastair Whitelaw,Alastair,Whitelaw,阿拉斯泰尔·怀特洛
Ewan Hoyle,Ewan,Hoyle,尤安·霍伊尔
Brian Smith,Brian,Smith,布赖恩·史密斯
Christopher Stephens,Christopher,Stephens,克里斯托弗·斯蒂芬斯
Ian Davidson,Ian,Davidson,伊恩·戴维森
Gordon McCaskill,Gordon,McCaskill,戈登·麦卡斯基尔
Sarah Hemy,Sarah,Hemy,莎拉·赫米
Sean Templeton,Sean,Templeton,肖恩·坦普尔顿
Isabel Nelson,Isabel,Nelson,伊莎贝尔·纳尔逊
Bill Bonnar,Bill,Bonnar,比尔·邦纳
Peter Grant,Peter,Grant,彼得·格兰特
Melanie Ward,Melanie,Ward,梅拉妮·沃德
Alex Stewart-Clark,Alex,Stewart-Clark,亚历克斯·斯图尔特-克拉克
Jane  Liston,Jane,Liston,简·利斯顿
Alex Salmond,Alex,Salmond,亚历克斯·萨尔蒙德
Christine Jardine,Christine,Jardine,克里斯汀·贾丁
Colin Clark,Colin,Clark,科林·克拉克
Braden Davy,Braden,Davy,布雷登·戴维
Emily Santos,Emily,Santos,埃米莉·桑托斯
Ronnie Cowan,Ronnie,Cowan,罗尼·考恩
Iain McKenzie,Iain,McKenzie,伊恩·麦肯齐
George Jabbour,George,Jabbour,乔治·贾布尔
John Watson,John,Watson,约翰·沃森
Michael Burrows,Michael,Burrows,迈克尔·伯罗斯
Craig Hamilton,Craig,Hamilton,克雷格·汉密尔顿
Drew Hendry,Drew,Hendry,德鲁·亨德利
Danny Alexander,Danny,Alexander,丹尼·亚历山大
Mike Robb,Mike,Robb,迈克·罗布
Edward Mountain,Edward,Mountain,爱德华·芒廷
Isla O'Reilly,Isla,O'Reilly,艾拉·奥赖利
Les Durance,Les,Durance,莱斯·杜兰斯
Donald Boyd,Donald,Boyd,唐纳德·博伊德
Alan Brown,Alan,Brown,艾伦·布朗
Cathy Jamieson,Cathy,Jamieson,凯西·贾米森
Brian  Whittle,Brian,Whittle,布赖恩·惠特尔
Rod Ackland,Rod,Ackland,罗德·阿克兰
Roger Mullin,Roger,Mullin,罗杰·马林
Kenny Selbie,Kenny,Selbie,肯尼·塞尔比
Dave Dempsey,Dave,Dempsey,戴夫·登普西
Jack Neill,Jack,Neill,杰克·尼尔
Callum Leslie,Callum,Leslie,卡勒姆·莱斯利
Angela Crawley,Angela,Crawley,安杰拉·克劳利
Jim Hood,Jim,Hood,吉姆·胡德
Alex Allison,Alex,Allison,亚历克斯·艾莉森
Donald MacKay,Donald,MacKay,唐纳德·麦凯
Gregg Cullen,Gregg,Cullen,格雷格·卡伦
Martyn  Day,Martyn,Day,马丁·戴
Michael Connarty,Michael,Connarty,迈克尔·康纳蒂
Sandy Batho,Sandy,Batho,桑迪·巴索
Alistair Forrest,Alistair,Forrest,阿拉斯泰尔·福雷斯特
Emma Farthing-Sykes,Emma,Farthing-Sykes,埃玛·法辛-赛克斯
Neil McIvor,Neil,McIvor,尼尔·麦基弗
Hannah Bardell,Hannah,Bardell,汉娜·巴德尔
Graeme Morrice,Graeme,Morrice,格雷姆·莫里斯
Christopher Donnelly,Christopher,Donnelly,克里斯托弗·唐纳利
Nathan Somerville,Nathan,Somerville,内森·萨默维尔
Charles Dundas,Charles,Dundas,查尔斯·邓达斯
Owen Thompson,Owen,Thompson,欧文·汤普森
Kenny Young,Kenny,Young,肯尼·杨
Michelle Ballantyne,Michelle,Ballantyne,米歇尔·巴兰坦
Ian Baxter,Ian,Baxter,伊恩·巴克斯特
Gordon Norrie,Gordon,Norrie,戈登·诺里
Aisha Mir,Aisha,Mir,阿伊莎·米尔
Angus Robertson,Angus,Robertson,安格斯·罗伯逊
Douglas Ross,Douglas,Ross,道格拉斯·罗斯
Sean Morton,Sean,Morton,肖恩·莫顿
Robert Scorer,Robert,Scorer,罗伯特·斯科勒
Jamie Paterson,Jamie,Paterson,杰米·佩特森
James MacKessack-Leitch,James,MacKessack-Leitch,詹姆斯·麦凯赛克-利奇
Marion Fellows,Marion,Fellows,马里恩·费洛斯
Frank Roy,Frank,Roy,弗兰克·罗伊
Meghan Gallacher,Meghan,Gallacher,梅根·加拉赫
Neil Wilson,Neil,Wilson,尼尔·威尔逊
Ross Laird,Ross,Laird,罗斯·莱尔德
Patricia Gibson,Patricia,Gibson,帕特里夏·吉布森
Katy Clark,Katy,Clark,凯蒂·克拉克
Jamie Greene,Jamie,Greene,杰米·格林
Sharon McGonigal,Sharon,McGonigal,莎伦·麦戈尼格尔
Ruby Kirkwood,Ruby,Kirkwood,鲁比·柯克伍德
Stephen Gethins,Stephen,Gethins,斯蒂芬·格辛斯
Tim Brett,Tim,Brett,蒂姆·布雷特
Huw Bell,Huw,Bell,休·贝尔
Brian Thomson,Brian,Thomson,布赖恩·汤姆森
Andy Collins,Andy,Collins,安迪·柯林斯
Mike Scott-Hayward,Mike,Scott-Hayward,迈克·斯科特-海沃德
Tasmina Ahmed-Sheikh,Tasmina,Ahmed-Sheikh,塔斯米娜·艾哈迈德-谢赫
Gordon Banks,Gordon,Banks,戈登·班克斯
Luke Graham,Luke,Graham,卢克·格雷厄姆
Iliyan Stefanov,Iliyan,Stefanov,伊利扬·斯特凡诺夫
Martin Gray,Martin,Gray,马丁·格雷
Alistair Carmichael,Alistair,Carmichael,阿利斯泰尔·卡迈克尔
Danus Skene,Danus,Skene,达努斯·斯基恩
Donald Cameron,Donald,Cameron,唐纳德·卡梅伦
Gerry McGarvey,Gerry,McGarvey,格里·麦加维
Robert Smith,Robert,Smith,罗伯特·史密斯
Gavin Newlands,Gavin,Newlands,加文·纽兰兹
Jim Sheridan,Jim,Sheridan,吉姆·谢里登
John Anderson,John,Anderson,约翰·安德森
James Speirs,James,Speirs,詹姆斯·斯皮尔斯
Ryan Morrison,Ryan,Morrison,瑞安·莫里森
Andy Doyle,Andy,Doyle,安迪·多伊尔
Jim Halfpenny,Jim,Halfpenny,吉姆·哈夫彭尼
Mhairi Black,Mhairi,Black,姆哈里·布莱克
Douglas Alexander,Douglas,Alexander,道格拉斯·亚历山大
Fraser Galloway,Fraser,Galloway,弗雷泽·加洛韦
Eileen McCartin,Eileen,McCartin,艾琳·麦卡廷
Sandra Webster,Sandra,Webster,桑德拉·韦伯斯特
Pete Wishart,Pete,Wishart,皮特·威沙特
Alexander Stewart,Alexander,Stewart,亚历山大·斯图尔特
Scott Nicholson,Scott,Nicholson,斯科特·尼科尔森
Peter Barrett,Peter,Barrett,彼得·巴雷特
Louise Ramsay,Louise,Ramsay,路易丝·拉姆齐
John Myles,John,Myles,约翰·迈尔斯
Xander McDade,Xander,McDade,桑德·麦克达德
Ian Blackford,Ian,Blackford,伊恩·布莱克福德
Charles Kennedy,Charles,Kennedy,查尔斯·肯尼迪
Lindsay McCallum,Lindsay,McCallum,林赛·麦卡勒姆
Chris Conniff,Chris,Conniff,克里斯·科尼夫
Anne Thomas,Anne,Thomas,安妮·托马斯
Philip Anderson,Philip,Anderson,菲利普·安德森
Ronnie Campbell,Ronnie,Campbell,龙尼·坎贝尔
Margaret Ferrier,Margaret,Ferrier,玛格丽特·费里尔
Tom Greatrex,Tom,Greatrex,汤姆·格雷特雷克斯
Taylor Muir,Taylor,Muir,泰勒·缪尔
Janice MacKay,Janice,MacKay,贾尼斯·麦凯
Tony Hughes,Tony,Hughes,托尼·休斯
Yvonne Maclean,Yvonne,Maclean,伊冯·麦克莱恩
Steven Paterson,Steven,Paterson,史蒂文·佩特森
Johanna Boyd,Johanna,Boyd,约翰娜·博伊德
Stephen Kerr,Stephen,Kerr,斯蒂芬·克尔
Mark Ruskell,Mark,Ruskell,马克·拉斯克尔
Elisabeth Wilson,Elisabeth,Wilson,伊丽莎白·威尔逊
Stuart Donaldson,Stuart,Donaldson,斯图尔特·唐纳森
Alexander Burnett,Alexander,Burnett,亚历山大·伯内特
Robert Smith,Robert,Smith,罗伯特·史密斯
Barry Black,Barry,Black,巴里·布莱克
David Lansdell,David,Lansdell,戴维·兰斯代尔
Richard Openshaw,Richard,Openshaw,理查德·奥彭肖
Graham Reid,Graham,Reid,格雷厄姆·里德
Martin Docherty,Martin,Docherty,马丁·多彻蒂
Gemma Doyle,Gemma,Doyle,杰玛·多伊尔
Maurice Corry,Maurice,Corry,莫里斯·科里
Aileen Morton,Aileen,Morton,艾琳·莫顿
Claire Muir,Claire,Muir,克莱尔·缪尔
Albert Owen,Albert,Owen,艾伯特·欧文
John Rowlands,John,Rowlands,约翰·罗兰兹
Michelle Willis,Michelle,Willis,米歇尔·威利斯
Nathan Gill,Nathan,Gill,内森·吉尔
Mark Rosenthal,Mark,Rosenthal,马克·罗森塔尔
Liz Screen,Liz,Screen,利兹·斯克林
David Hanson,David,Hanson,戴维·汉森
Mark Isherwood,Mark,Isherwood,马克·伊舍伍德
Nigel Williams,Nigel,Williams,奈杰尔·威廉斯
Paul Rowlinson,Paul,Rowlinson,保罗·罗林森
Tom Rippeth,Tom,Rippeth,汤姆·里佩思
Kay Roney,Kay,Roney,凯·罗尼
Mark Tami,Mark,Tami,马克·塔米
Laura Knightly,Laura,Knightly,劳拉·奈特利
Blair Smillie,Blair,Smillie,布莱尔·斯米利
Tudor Jones,Tudor,Jones,都铎·琼斯
Jacqueline Hurst,Jacqueline,Hurst,杰奎琳·赫斯特
Alasdair Ibbotson,Alasdair,Ibbotson,阿拉斯代尔·伊伯森
Ian Lucas,Ian,Lucas,伊恩·卢卡斯
Andrew Atkinson,Andrew,Atkinson,安德鲁·阿特金森
Niall Plevin-Kelly,Niall,Plevin-Kelly,尼尔·普莱文-凯利
Carrie Harper,Carrie,Harper,卡丽·哈珀
Rob Walsh,Rob,Walsh,罗布·沃尔什
David Munnerley,David,Munnerley,戴维·芒纳利
Brian Edwards,Brian,Edwards,布赖恩·爱德华兹
Nia Griffith,Nia,Griffith,尼娅·格里菲思
Vaughan Williams,Vaughan,Williams,沃恩·威廉斯
Kenneth Rees,Kenneth,Rees,肯尼思·里斯
Selaine Saxby,Selaine,Saxby,塞莱因·萨克西
Cen Phillips,Cen,Phillips,森·菲利普斯
Guy Smith,Guy,Smith,盖伊·史密斯
Sian Caiach,Sian,Caiach,西安·凯奇
Scott Jones,Scott,Jones,斯科特·琼斯
Byron Davies,Byron,Davies,拜伦·戴维斯
Liz Evans,Liz,Evans,利兹·埃文斯
Colin Beckett,Colin,Beckett,科林·贝克特
Darren Thomas,Darren,Thomas,达伦·托马斯
Mike Sheehan,Mike,Sheehan,迈克·希恩
Julia Marshall,Julia,Marshall,朱莉娅·马歇尔
David Von Claptrap,David,Von Claptrap,戴维·冯·克拉普特拉普
Steve Roberts,Steve,Roberts,史蒂夫·罗伯茨
Mark Evans,Mark,Evans,马克·埃文斯
Geraint Davies,Geraint,Davies,杰兰特·戴维斯
Emma Lane,Emma,Lane,埃玛·莱恩
Martyn Ford,Martyn,Ford,马丁·福特
Chris Holley,Chris,Holley,克里斯·霍利
Harri Roberts,Harri,Roberts,哈里·罗伯茨
Ashley Wakeling,Ashley,Wakeling,阿什利·韦克林
Ronnie Job,Ronnie,Job,罗尼·乔布
Maxwell Rosser,Maxwell,Rosser,马克斯韦尔·罗瑟
Brian Johnson,Brian,Johnson,布赖恩·约翰逊
Carolyn Harris,Carolyn,Harris,卡罗琳·哈里斯
Clifford Johnson,Clifford,Johnson,克利福德·约翰逊
Altaf Hussain,Altaf,Hussain,阿尔塔夫·侯赛因
Dic Jones,Dic,Jones,迪克·琼斯
Ann Jamal,Ann,Jamal,安·贾迈勒
Stephen Kinnock,Stephen,Kinnock,斯蒂芬·金诺克
Peter Bush,Peter,Bush,彼得·布什
Edward Yi He,Edward,Yi He,爱德华·易和
Duncan Higgitt,Duncan,Higgitt,邓肯·希吉特
Helen  Clarke,Helen,Clarke,海伦·克拉克
Captain Beany,Captain,Beany,豆豆船长
Jonathan Tier,Jonathan,Tier,乔纳森·蒂尔
Andrew Jordan,Andrew,Jordan,安德鲁·乔丹
Owen Herbert,Owen,Herbert,欧文·赫伯特
Jo  Stevens,Jo,Stevens,乔·史蒂文斯
Jenny Willott,Jenny,Willott,珍妮·威洛特
Richard Hopkin,Richard,Hopkin,理查德·霍普金
Anthony Raybould,Anthony,Raybould,安东尼·雷伯德
Christopher von Ruhland,Christopher,von Ruhland,克里斯托弗·冯·鲁兰德
Martin Pollard,Martin,Pollard,马丁·波拉德
Steve Williams,Steve,Williams,史蒂夫·威廉斯
Kazimir Hubert,Kazimir,Hubert,卡齐米尔·休伯特
Craig Williams,Craig,Williams,克雷格·威廉斯
Mari Williams,Mari,Williams,马里·威廉斯
Ethan Wilkinson,Ethan,Wilkinson,伊桑·威尔金森
Elin Walker Jones,Elin,Walker Jones,艾琳·沃克·琼斯
Elizabeth Clark,Elizabeth,Clark,伊丽莎白·克拉克
Ruth Osner,Ruth,Osner,鲁思·奥斯纳
Jeff Green,Jeff,Green,杰夫·格林
Shaun Jenkins,Shaun,Jenkins,肖恩·詹金斯
Chris Bryant,Chris,Bryant,克里斯·布赖恩特
Shelley Rees-Owen,Shelley,Rees-Owen,谢利·里斯-欧文
Ron Hughes,Ron,Hughes,罗恩·休斯
Lyn Hudson,Lyn,Hudson,林恩·赫德森
George Summers,George,Summers,乔治·萨默斯
Lisa Rapado,Lisa,Rapado,丽莎·拉帕多
Nick Thomas-Symonds,Nick,Thomas-Symonds,尼克·托马斯-西蒙兹
Graham Smith,Graham,Smith,格雷厄姆·史密斯
Ken Beswick,Ken,Beswick,肯·贝斯威克
Boydd Hackley-Green,Boydd,Hackley-Green,博伊德·哈克利-格林
Alison Willott,Alison,Willott,艾莉森·威洛特
Matt Cooke,Matt,Cooke,马特·库克
John Cox,John,Cox,约翰·考克斯
Mark Griffiths,Mark,Griffiths,马克·格里菲斯
David Davies,David,Davies,戴维·戴维斯
Ruth Jones,Ruth,Jones,鲁思·琼斯
Gareth Dunn,Gareth,Dunn,加雷思·邓恩
Veronica German,Veronica,German,维罗妮卡·杰曼
Jonathan  Clark,Jonathan,Clark,乔纳森·克拉克
Chris Were,Chris,Were,克里斯·韦尔
Stephen Morris,Stephen,Morris,斯蒂芬·莫里斯
Jessica Morden,Jessica,Morden,杰西卡·莫登
Natasha Asghar,Natasha,Asghar,娜塔莎·阿什加尔
David Stock,David,Stock,戴维·斯托克
Paul Halliday,Paul,Halliday,保罗·哈利迪
Anthony Salkeld,Anthony,Salkeld,安东尼·萨尔凯德
David Mclean,David,Mclean,戴维·麦克莱恩
Shangara Singh Bhatoe,Shangara,Singh Bhatoe,申加拉·辛格·巴托
Paul Flynn,Paul,Flynn,保罗·弗林
Nick Webb,Nick,Webb,尼克·韦伯
Gordon Norrie,Gordon,Norrie,戈登·诺里
Simon Coopey,Simon,Coopey,西蒙·库皮
Ed Townsend,Ed,Townsend,埃德·汤森
Pippa Bartolotti,Pippa,Bartolotti,皮帕·巴托洛蒂
Hywel Williams,Hywel,Williams,海韦尔·威廉斯
Alun Pugh,Alun,Pugh,阿伦·皮尤
Anwen Barry,Anwen,Barry,安文·巴里
Simon Wall,Simon,Wall,西蒙·沃尔
Mohammed Shultan,Mohammed,Shultan,穆罕默德·舒尔坦
Kathrine Jones,Kathrine,Jones,凯瑟琳·琼斯
Guto  Bebb,Guto,Bebb,古托·贝布
Mary Wimbury,Mary,Wimbury,玛丽·温伯里
Dafydd Meurig,Dafydd,Meurig,达菲德·默里格
Andrew  Haigh,Andrew,Haigh,安德鲁·黑格
Victor Babu,Victor,Babu,维克托·巴布
Petra  Haig,Petra,Haig,彼得拉·黑格
David Jones,David,Jones,戴维·琼斯
Gareth Thomas,Gareth,Thomas,加雷思·托马斯
Warwick Nicholson,Warwick,Nicholson,沃里克·尼科尔森
Marc Jones,Marc,Jones,马克·琼斯
Sarah Lesiter-Burgess,Sarah,Lesiter-Burgess,莎拉·莱西特-伯格斯
Bob English,Bob,English,鲍勃·英格利希
Rory Jepson,Rory,Jepson,罗里·杰普森
James Davies,James,Davies,詹姆斯·戴维斯
Christopher Ruane,Christopher,Ruane,克里斯托弗·鲁恩
Paul Davies-Cooke,Paul,Davies-Cooke,保罗·戴维斯-库克
Mair Rowlands,Mair,Rowlands,梅尔·罗兰兹
Gwyn Williams,Gwyn,Williams,格温·威廉斯
Liz  Roberts,Liz,Roberts,利兹·罗伯茨
Neil Fairlamb,Neil,Fairlamb,尼尔·费尔兰姆
Mary Griffiths Clarke,Mary,Griffiths Clarke,玛丽·格里菲斯·克拉克
Christopher Gillibrand,Christopher,Gillibrand,克里斯托弗·吉利布兰德
Louise Hughes,Louise,Hughes,路易丝·休斯
Stephen Churchman,Stephen,Churchman,斯蒂芬·丘奇曼
Marc Fothergill,Marc,Fothergill,马克·福瑟吉尔
Susan  Jones,Susan,Jones,苏珊·琼斯
David Nicholls,David,Nicholls,戴维·尼科尔斯
Mandy Jones,Mandy,Jones,曼迪·琼斯
Mabon ap Gwynfor,Mabon,ap Gwynfor,马邦·阿普·格温福
Bruce Roberts,Bruce,Roberts,布鲁斯·罗伯茨
Duncan Rees,Duncan,Rees,邓肯·里斯
Glyn Davies,Glyn,Davies,格林·戴维斯
Jane Dodds,Jane,Dodds,简·多兹
Des Parkinson,Des,Parkinson,德斯·帕金森
Martyn Singleton,Martyn,Singleton,马丁·辛格尔顿
Ann Griffith,Ann,Griffith,安·格里菲思
Richard Chaloner,Richard,Chaloner,理查德·查隆纳
Mark Williams,Mark,Williams,马克·威廉斯
Mike Parker,Mike,Parker,迈克·帕克
Henrietta Hensher,Henrietta,Hensher,亨里埃塔·亨舍
Gethin James,Gethin,James,格辛·詹姆斯
Huw Thomas,Huw,Thomas,休·托马斯
Daniel Thompson,Daniel,Thompson,丹尼尔·汤普森
Stephen Crabb,Stephen,Crabb,斯蒂芬·克拉布
Paul Miller,Paul,Miller,保罗·米勒
Howard Lillyman,Howard,Lillyman,霍华德·利利曼
Chris Overton,Chris,Overton,克里斯·奥弗顿
John Osmond,John,Osmond,约翰·奥斯蒙德
Frances Bryant,Frances,Bryant,弗朗西斯·布赖恩特
Nick Tregoning,Nick,Tregoning,尼克·特里冈宁
Rodney Maile,Rodney,Maile,罗德尼·梅尔
Simon Hart,Simon,Hart,西蒙·哈特
Delyth Evans,Delyth,Evans,德利思·埃文斯
John Atkinson,John,Atkinson,约翰·阿特金森
Elwyn Williams,Elwyn,Williams,埃尔温·威廉斯
Gary Tapley,Gary,Tapley,加里·塔普利
Selwyn Runnett,Selwyn,Runnett,塞尔温·伦内特
David Edwards,David,Edwards,戴维·爱德华兹
Calum Higgins,Calum,Higgins,卡勒姆·希金斯
Matthew Paul,Matthew,Paul,马修·保罗
Jasmine Woodward,Jasmine,Woodward,茉莉·伍德沃德
Ben Rice,Ben,Rice,本·赖斯
Sara Lloyd-Williams,Sara,Lloyd-Williams,萨拉·劳埃德-威廉斯
Chris Davies,Chris,Davies,克里斯·戴维斯
Roger Williams,Roger,Williams,罗杰·威廉斯
Matthew Dorrance,Matthew,Dorrance,马修·多兰斯
Darran Thomas,Darran,Thomas,达伦·托马斯
Freddy Greaves,Freddy,Greaves,弗雷迪·格里夫斯
Chris Carmichael,Chris,Carmichael,克里斯·卡迈克尔
Christina Rees,Christina,Rees,克里斯蒂娜·里斯
Daniel Thomas,Daniel,Thomas,丹尼尔·托马斯
Richard Pritchard,Richard,Pritchard,理查德·普里查德
Ed Hastie,Ed,Hastie,埃德·黑斯蒂
Catrin Brock,Catrin,Brock,卡特林·布罗克
Clare Bentley,Clare,Bentley,克莱尔·本特利
Ann Clwyd,Ann,Clwyd,安·克卢伊德
Cerith Griffiths,Cerith,Griffiths,塞里斯·格里菲斯
Rebecca Rees-Evans,Rebecca,Rees-Evans,丽贝卡·里斯-埃文斯
Keith Dewhurst,Keith,Dewhurst,基思·杜赫斯特
Angharad Jones,Angharad,Jones,安格哈拉德·琼斯
John Matthews,John,Matthews,约翰·马修斯
Chris  Beggs,Chris,Beggs,克里斯·贝格斯
Gerald Jones,Gerald,Jones,杰拉尔德·琼斯
David Rowlands,David,Rowlands,戴维·罗兰兹
Bill Rees,Bill,Rees,比尔·里斯
Rhayna Mann,Rhayna,Mann,雷亚纳·曼
Bob Griffin,Bob,Griffin,鲍勃·格里芬
Elspeth Parris,Elspeth,Parris,埃尔佩斯·帕里斯
Eddy Blanche,Eddy,Blanche,埃迪·布兰奇
Robert Griffiths,Robert,Griffiths,罗伯特·格里菲斯
Nick Smith,Nick,Smith,尼克·史密斯
Susan Boucher,Susan,Boucher,苏珊·鲍彻
Tracey West,Tracey,West,特蕾西·韦斯特
Steffan Lewis,Steffan,Lewis,斯特凡·刘易斯
Mark Pond,Mark,Pond,马克·庞德
Samuel Rees,Samuel,Rees,塞缪尔·里斯
Madeleine Moon,Madeleine,Moon,玛德琳·穆恩
Meirion Jenkins,Meirion,Jenkins,梅里昂·詹金斯
Caroline Jones,Caroline,Jones,卡罗琳·琼斯
James Radcliffe,James,Radcliffe,詹姆斯·拉特克利夫
Anita Davies,Anita,Davies,安妮塔·戴维斯
Les Tallon-Morris,Les,Tallon-Morris,莱斯·塔隆-莫里斯
Tony White,Tony,White,托尼·怀特
Aaron David,Aaron,David,亚伦·戴维
David Elston,David,Elston,戴维·埃尔顿
Adam Lloyd,Adam,Lloyd,亚当·劳埃德
Huw Irranca-Davies,Huw,Irranca-Davies,休·伊兰卡-戴维斯
Jane March,Jane,March,简·马奇
Glenda Davies,Glenda,Davies,格伦达·戴维斯
Tim Thomas,Tim,Thomas,蒂姆·托马斯
Gerald Francis,Gerald,Francis,杰拉尔德·弗朗西斯
Laurie Brophy,Laurie,Brophy,劳里·布罗菲
Emma Saunders,Emma,Saunders,埃玛·桑德斯
Owen Smith,Owen,Smith,欧文·史密斯
Ann-Marie Mason,Ann-Marie,Mason,安妮-玛丽·梅森
Andrew Tomkinson,Andrew,Tomkinson,安德鲁·汤姆金森
Mike Powell,Mike,Powell,迈克·鲍威尔
Osian Lewis,Osian,Lewis,奥西安·刘易斯
Katy Clay,Katy,Clay,凯蒂·克莱
Damien  Biggs,Damien,Biggs,达米恩·比格斯
Esther Pearson,Esther,Pearson,埃丝特·皮尔逊
Wayne David,Wayne,David,韦恩·戴维
Sam Gould,Sam,Gould,山姆·古尔德
Leo Docherty,Leo,Docherty,利奥·多彻蒂
Beci Newton,Beci,Newton,贝奇·牛顿
Katy Beddoe,Katy,Beddoe,凯蒂·贝多
Aladdin Ayesh,Aladdin,Ayesh,阿拉丁·阿耶什
Jaime Davies,Jaime,Davies,海梅·戴维斯
Chris Evans,Chris,Evans,克里斯·埃文斯
Joe Smyth,Joe,Smyth,乔·史密斯
Laura Jones,Laura,Jones,劳拉·琼斯
Lyn Ackerman,Lyn,Ackerman,林恩·阿克曼
Brendan D'Cruz,Brendan,D'Cruz,布伦丹·德克鲁兹
Peter Varley,Peter,Varley,彼得·瓦利
Von Von Magpie,Von,Von Magpie,冯·冯·玛吉
Josh Rawcliffe,Josh,Rawcliffe,乔希·拉夫克利夫
Alun Cairns,Alun,Cairns,阿伦·凯恩斯
Chris Elmore,Chris,Elmore,克里斯·埃尔莫
Kevin Mahoney,Kevin,Mahoney,凯文·马奥尼
Ian Johnson,Ian,Johnson,伊恩·约翰逊
David Morgan,David,Morgan,戴维·摩根
Alan Armstrong,Alan,Armstrong,艾伦·阿姆斯特朗
Steve Reed,Steve,Reed,史蒂夫·里德
Kevin Brennan,Kevin,Brennan,凯文·布伦南
James Taghdissian,James,Taghdissian,詹姆斯·塔格迪西安
Neil McEvoy,Neil,McEvoy,尼尔·麦克沃伊
Brian Morris,Brian,Morris,布赖恩·莫里斯
Cadan ap Tomos,Cadan,ap Tomos,卡丹·阿普·托马斯
Ken Barker,Ken,Barker,肯·巴克
Helen Jones,Helen,Jones,海伦·琼斯
Stephen Doughty,Stephen,Doughty,斯蒂芬·道德蒂
Emma Warman,Emma,Warman,埃玛·瓦曼
John Rees-Evans,John,Rees-Evans,约翰·里斯-埃文斯
Ben Foday,Ben,Foday,本·福代
Nigel Howells,Nigel,Howells,奈杰尔·豪厄尔
Anthony Slaughter,Anthony,Slaughter,安东尼·斯劳特
Ross Saunders,Ross,Saunders,罗斯·桑德斯
,,,
,,,
,,,
,,,
